ticker,name,sector,weight_pct
NVDA,NVIDIA CORP,Information Technology,7.44
AAPL,APPLE INC,Information Technology,6.06
MSFT,MICROSOFT CORP,Information Technology,4.23
AMZN,AMAZON.COM INC,Consumer Discretionary,3.65
GOOGL,ALPHABET INC CLASS A,Communication,3.29
AVGO,BROADCOM INC,Information Technology,2.71
GOOG,ALPHABET INC CLASS C,Communication,2.66
META,META PLATFORMS INC CLASS A,Communication,1.89
TSLA,TESLA INC,Consumer Discretionary,1.77
MU,MICRON TECHNOLOGY INC,Information Technology,1.26
BRK-B,BERKSHIRE HATHAWAY INC CLASS B,Financials,1.26
JPM,JPMORGAN CHASE & CO,Financials,1.15
LLY,ELI LILLY,Health Care,1.14
AMD,ADVANCED MICRO DEVICES INC,Information Technology,1.01
XOM,EXXON MOBIL CORP,Energy,0.9
WMT,WALMART INC,Consumer Staples,0.8
JNJ,JOHNSON & JOHNSON,Health Care,0.78
V,VISA INC CLASS A,Financials,0.76
INTC,INTEL CORPORATION CORP,Information Technology,0.75
COST,COSTCO WHOLESALE CORP,Consumer Staples,0.65
CAT,CATERPILLAR INC,Industrials,0.59
CSCO,CISCO SYSTEMS INC,Information Technology,0.57
MA,MASTERCARD INC CLASS A,Financials,0.56
LRCX,LAM RESEARCH CORP,Information Technology,0.52
NFLX,NETFLIX INC,Communication,0.52
ABBV,ABBVIE INC,Health Care,0.52
UNH,UNITEDHEALTH GROUP INC,Health Care,0.51
CVX,CHEVRON CORP,Energy,0.49
AMAT,APPLIED MATERIAL INC,Information Technology,0.49
PG,PROCTER & GAMBLE,Consumer Staples,0.47
BAC,BANK OF AMERICA CORP,Financials,0.46
ORCL,ORACLE CORP,Information Technology,0.45
KO,COCA-COLA,Consumer Staples,0.44
GE,GE AEROSPACE,Industrials,0.43
HD,HOME DEPOT INC,Consumer Discretionary,0.42
PM,PHILIP MORRIS INTERNATIONAL INC,Consumer Staples,0.41
GEV,GE VERNOVA INC,Industrials,0.4
PLTR,PALANTIR TECHNOLOGIES INC CLASS A,Information Technology,0.4
MRK,MERCK & CO INC,Health Care,0.4
GS,GOLDMAN SACHS GROUP INC,Financials,0.4
TXN,TEXAS INSTRUMENT INC,Information Technology,0.39
KLAC,KLA CORP,Information Technology,0.34
LIN,LINDE PLC,Materials,0.34
RTX,RTX CORP,Industrials,0.34
QCOM,QUALCOMM INC,Information Technology,0.32
WFC,WELLS FARGO,Financials,0.32
MS,MORGAN STANLEY,Financials,0.31
C,CITIGROUP INC,Financials,0.3
ADI,ANALOG DEVICES INC,Information Technology,0.3
SNDK,SANDISK CORP,Information Technology,0.29
PEP,PEPSICO INC,Consumer Staples,0.29
IBM,INTERNATIONAL BUSINESS MACHINES CO,Information Technology,0.28
VZ,VERIZON COMMUNICATIONS INC,Communication,0.28
NEE,NEXTERA ENERGY INC,Utilities,0.28
MCD,MCDONALDS CORP,Consumer Discretionary,0.28
DIS,WALT DISNEY,Communication,0.26
PANW,PALO ALTO NETWORKS INC,Information Technology,0.26
BA,BOEING,Industrials,0.26
AMGN,AMGEN INC,Health Care,0.25
T,AT&T INC,Communication,0.24
TMO,THERMO FISHER SCIENTIFIC INC,Health Care,0.24
WDC,WESTERN DIGITAL CORP,Information Technology,0.24
AXP,AMERICAN EXPRESS,Financials,0.24
BLK,BLACKROCK INC,Financials,0.23
GILD,GILEAD SCIENCES INC,Health Care,0.23
TJX,TJX INC,Consumer Discretionary,0.23
GLW,CORNING INC,Information Technology,0.23
ETN,EATON PLC,Industrials,0.22
UNP,UNION PACIFIC CORP,Industrials,0.22
ISRG,INTUITIVE SURGICAL INC,Health Care,0.21
SCHW,CHARLES SCHWAB CORP,Financials,0.21
APH,AMPHENOL CORP CLASS A,Information Technology,0.21
WELL,WELLTOWER INC,Real Estate,0.21
CRM,SALESFORCE INC,Information Technology,0.21
UBER,UBER TECHNOLOGIES INC,Industrials,0.21
MRVL,MARVELL TECHNOLOGY INC,Information Technology,0.21
PFE,PFIZER INC,Health Care,0.21
ABT,ABBOTT LABORATORIES,Health Care,0.2
ANET,ARISTA NETWORKS INC,Information Technology,0.2
COP,CONOCOPHILLIPS,Energy,0.2
DE,DEERE,Industrials,0.2
VRT,VERTIV HOLDINGS CLASS A,Industrials,0.2
CRWD,CROWDSTRIKE HOLDINGS INC CLASS A,Information Technology,0.2
HON,HONEYWELL INTERNATIONAL INC,Industrials,0.19
PLD,PROLOGIS REIT INC,Real Estate,0.19
NEM,NEWMONT,Materials,0.18
BKNG,BOOKING HOLDINGS INC,Consumer Discretionary,0.18
SPGI,S&P GLOBAL INC,Financials,0.17
LOW,LOWES COMPANIES INC,Consumer Discretionary,0.17
CVS,CVS HEALTH CORP,Health Care,0.17
SBUX,STARBUCKS CORP,Consumer Discretionary,0.17
MO,ALTRIA GROUP INC,Consumer Staples,0.17
CB,CHUBB,Financials,0.16
VRTX,VERTEX PHARMACEUTICALS INC,Health Care,0.16
PGR,PROGRESSIVE CORP,Financials,0.16
BMY,BRISTOL MYERS SQUIBB,Health Care,0.16
PWR,QUANTA SERVICES INC,Industrials,0.16
PH,PARKER-HANNIFIN CORP,Industrials,0.16
COF,CAPITAL ONE FINANCIAL CORP,Financials,0.16
HWM,HOWMET AEROSPACE INC,Industrials,0.15
APP,APPLOVIN CORP CLASS A,Information Technology,0.15
LMT,LOCKHEED MARTIN CORP,Industrials,0.15
CME,CME GROUP INC CLASS A,Financials,0.15
EQIX,EQUINIX REIT INC,Real Estate,0.15
TT,TRANE TECHNOLOGIES PLC,Industrials,0.15
DHR,DANAHER CORP,Health Care,0.15
SYK,STRYKER CORP,Health Care,0.15
SO,SOUTHERN,Utilities,0.14
INTU,INTUIT INC,Information Technology,0.14
ACN,ACCENTURE PLC CLASS A,Information Technology,0.14
CMI,CUMMINS INC,Industrials,0.14
MDT,MEDTRONIC PLC,Health Care,0.14
SNPS,SYNOPSYS INC,Information Technology,0.14
ADBE,ADOBE INC,Information Technology,0.14
CDNS,CADENCE DESIGN SYSTEMS INC,Information Technology,0.14
DUK,DUKE ENERGY CORP,Utilities,0.14
FCX,FREEPORT MCMORAN INC,Materials,0.14
BK,BANK OF NEW YORK MELLON CORP,Financials,0.13
WMB,WILLIAMS INC,Energy,0.13
TMUS,T MOBILE US INC,Communication,0.13
MCK,MCKESSON CORP,Health Care,0.13
NOW,SERVICENOW INC,Information Technology,0.13
CMCSA,COMCAST CORP CLASS A,Communication,0.13
BX,BLACKSTONE INC,Financials,0.13
ELV,ELEVANCE HEALTH INC,Health Care,0.12
ICE,INTERCONTINENTAL EXCHANGE INC,Financials,0.12
JCI,JOHNSON CONTROLS INTERNATIONAL PLC,Industrials,0.12
GD,GENERAL DYNAMICS CORP,Industrials,0.12
CEG,CONSTELLATION ENERGY CORP,Utilities,0.12
ADP,AUTOMATIC DATA PROCESSING INC,Industrials,0.12
CSX,CSX CORP,Industrials,0.12
SLB,SLB NV,Energy,0.12
USB,US BANCORP,Financials,0.12
CIEN,CIENA CORP,Information Technology,0.11
PNC,PNC FINANCIAL SERVICES GROUP INC,Financials,0.11
AMT,AMERICAN TOWER REIT CORP,Real Estate,0.11
WM,WASTE MANAGEMENT INC,Industrials,0.11
MDLZ,MONDELEZ INTERNATIONAL INC CLASS A,Consumer Staples,0.11
CI,CIGNA,Health Care,0.11
FDX,FEDEX CORP,Industrials,0.11
MMM,3M,Industrials,0.11
BSX,BOSTON SCIENTIFIC CORP,Health Care,0.11
EMR,EMERSON ELECTRIC,Industrials,0.11
MAR,MARRIOTT INTERNATIONAL INC CLASS A,Consumer Discretionary,0.11
MRSH,MARSH INC,Financials,0.11
MPWR,MONOLITHIC POWER SYSTEMS INC,Information Technology,0.11
DELL,DELL TECHNOLOGIES INC CLASS C,Information Technology,0.11
ORLY,OREILLY AUTOMOTIVE INC,Consumer Discretionary,0.11
MPC,MARATHON PETROLEUM CORP,Energy,0.11
VLO,VALERO ENERGY CORP,Energy,0.1
EOG,EOG RESOURCES INC,Energy,0.1
NOC,NORTHROP GRUMMAN CORP,Industrials,0.1
REGN,REGENERON PHARMACEUTICALS INC,Health Care,0.1
CRH,CRH PUBLIC LIMITED PLC,Materials,0.1
LITE,LUMENTUM HOLDINGS INC,Information Technology,0.1
FTNT,FORTINET INC,Information Technology,0.1
UPS,UNITED PARCEL SERVICE INC CLASS B,Industrials,0.1
ITW,ILLINOIS TOOL INC,Industrials,0.1
FIX,COMFORT SYSTEMS USA INC,Industrials,0.1
CL,COLGATE-PALMOLIVE,Consumer Staples,0.1
HLT,HILTON WORLDWIDE HOLDINGS INC,Consumer Discretionary,0.1
COHR,COHERENT CORP,Information Technology,0.1
SHW,SHERWIN WILLIAMS,Materials,0.1
NSC,NORFOLK SOUTHERN CORP,Industrials,0.1
PSX,PHILLIPS 66,Energy,0.1
HCA,HCA HEALTHCARE INC,Health Care,0.1
AEP,AMERICAN ELECTRIC POWER INC,Utilities,0.1
GM,GENERAL MOTORS,Consumer Discretionary,0.1
MCO,MOODYS CORP,Financials,0.1
APD,AIR PRODUCTS AND CHEMICALS INC,Materials,0.1
ROST,ROSS STORES INC,Consumer Discretionary,0.09
RCL,ROYAL CARIBBEAN GROUP LTD,Consumer Discretionary,0.09
TDG,TRANSDIGM GROUP INC,Industrials,0.09
KKR,KKR AND CO INC,Financials,0.09
DLR,DIGITAL REALTY TRUST REIT INC,Real Estate,0.09
SPOT,SPOTIFY TECHNOLOGY SA,Communication,0.09
MSI,MOTOROLA SOLUTIONS INC,Information Technology,0.09
AON,AON PLC CLASS A,Financials,0.09
BKR,BAKER HUGHES CLASS A,Energy,0.09
SPG,SIMON PROPERTY GROUP REIT INC,Real Estate,0.09
DDOG,DATADOG INC CLASS A,Information Technology,0.09
KMI,KINDER MORGAN INC,Energy,0.09
TRV,TRAVELERS COMPANIES INC,Financials,0.09
WBD,WARNER BROS. DISCOVERY INC SERIES,Communication,0.09
BE,BLOOM ENERGY CLASS A CORP,Industrials,0.09
ECL,ECOLAB INC,Materials,0.09
KEYS,KEYSIGHT TECHNOLOGIES INC,Information Technology,0.09
NET,CLOUDFLARE INC CLASS A,Information Technology,0.09
RKLB,ROCKET LAB CORP,Industrials,0.09
MNST,MONSTER BEVERAGE CORP,Consumer Staples,0.08
SRE,SEMPRA,Utilities,0.08
URI,UNITED RENTALS INC,Industrials,0.08
TFC,TRUIST FINANCIAL CORP,Financials,0.08
HOOD,ROBINHOOD MARKETS INC CLASS A,Financials,0.08
PCAR,PACCAR INC,Industrials,0.08
LHX,L3HARRIS TECHNOLOGIES INC,Industrials,0.08
ALL,ALLSTATE CORP,Financials,0.08
TER,TERADYNE INC,Information Technology,0.08
CTVA,CORTEVA INC,Materials,0.08
CTAS,CINTAS CORP,Industrials,0.08
O,REALTY INCOME REIT CORP,Real Estate,0.08
AZO,AUTOZONE INC,Consumer Discretionary,0.08
TRGP,TARGA RESOURCES CORP,Energy,0.08
OKE,ONEOK INC,Energy,0.08
TGT,TARGET CORP,Consumer Staples,0.08
ABNB,AIRBNB INC CLASS A,Consumer Discretionary,0.08
MSTR,STRATEGY INC CLASS A,Information Technology,0.08
APO,APOLLO GLOBAL MANAGEMENT INC,Financials,0.08
DASH,DOORDASH INC CLASS A,Consumer Discretionary,0.08
GWW,WW GRAINGER INC,Industrials,0.08
AFL,AFLAC INC,Financials,0.08
D,DOMINION ENERGY INC,Utilities,0.08
NUE,NUCOR CORP,Materials,0.08
DVN,DEVON ENERGY CORP,Energy,0.08
AME,AMETEK INC,Industrials,0.08
F,FORD MOTOR CO,Consumer Discretionary,0.07
FLEX,FLEX LTD,Information Technology,0.07
AU,ANGLOGOLD ASHANTI PLC,Materials,0.07
CARR,CARRIER GLOBAL CORP,Industrials,0.07
MCHP,MICROCHIP TECHNOLOGY INC,Information Technology,0.07
ROK,ROCKWELL AUTOMATION INC,Industrials,0.07
EBAY,EBAY INC,Consumer Discretionary,0.07
LNG,CHENIERE ENERGY INC,Energy,0.07
SNOW,SNOWFLAKE INC,Information Technology,0.07
FAST,FASTENAL,Industrials,0.07
EA,ELECTRONIC ARTS INC,Communication,0.07
ETR,ENTERGY CORP,Utilities,0.07
ADSK,AUTODESK INC,Information Technology,0.07
NKE,NIKE INC CLASS B,Consumer Discretionary,0.07
AJG,ARTHUR J GALLAGHER,Financials,0.07
VST,VISTRA CORP,Utilities,0.07
PSA,PUBLIC STORAGE REIT,Real Estate,0.07
EW,EDWARDS LIFESCIENCES CORP,Health Care,0.07
CVNA,CARVANA CLASS A,Consumer Discretionary,0.07
XEL,XCEL ENERGY INC,Utilities,0.07
COR,CENCORA INC,Health Care,0.07
DAL,DELTA AIR LINES INC,Industrials,0.07
ON,ON SEMICONDUCTOR CORP,Information Technology,0.07
EXC,EXELON CORP,Utilities,0.06
WAB,WESTINGHOUSE AIR BRAKE TECHNOLOGIE,Industrials,0.06
FERG,FERGUSON ENTERPRISES INC,Industrials,0.06
COIN,COINBASE GLOBAL INC CLASS A,Financials,0.06
CAH,CARDINAL HEALTH INC,Health Care,0.06
MET,METLIFE INC,Financials,0.06
NU,NU HOLDINGS CLASS A,Financials,0.06
AMP,AMERIPRISE FINANCE INC,Financials,0.06
STT,STATE STREET CORP,Financials,0.06
FITB,FIFTH THIRD BANCORP,Financials,0.06
HPE,HEWLETT PACKARD ENTERPRISE,Information Technology,0.06
PYPL,PAYPAL HOLDINGS INC,Financials,0.06
VTR,VENTAS REIT INC,Real Estate,0.06
CMG,CHIPOTLE MEXICAN GRILL INC,Consumer Discretionary,0.06
IDXX,IDEXX LABORATORIES INC,Health Care,0.06
YUM,YUM BRANDS INC,Consumer Discretionary,0.06
RSG,REPUBLIC SERVICES INC,Industrials,0.06
BDX,BECTON DICKINSON,Health Care,0.06
CBRE,CBRE GROUP INC CLASS A,Real Estate,0.06
TTWO,TAKE TWO INTERACTIVE SOFTWARE INC,Communication,0.06
AIG,AMERICAN INTERNATIONAL GROUP INC,Financials,0.06
NDAQ,NASDAQ INC,Financials,0.06
MSCI,MSCI INC,Financials,0.06
EME,EMCOR GROUP INC,Industrials,0.06
FANG,DIAMONDBACK ENERGY INC,Energy,0.06
ADM,ARCHER DANIELS MIDLAND,Consumer Staples,0.06
OXY,OCCIDENTAL PETROLEUM CORP,Energy,0.06
CBOE,CBOE GLOBAL MARKETS INC,Financials,0.05
CCI,CROWN CASTLE INC,Real Estate,0.05
KR,KROGER,Consumer Staples,0.05
PEG,PUBLIC SERVICE ENTERPRISE GROUP IN,Utilities,0.05
ED,CONSOLIDATED EDISON INC,Utilities,0.05
XYZ,BLOCK INC CLASS A,Financials,0.05
KDP,KEURIG DR PEPPER INC,Consumer Staples,0.05
GRMN,GARMIN LTD,Consumer Discretionary,0.05
HIG,HARTFORD INSURANCE GROUP INC,Financials,0.05
IRM,IRON MOUNTAIN INC,Real Estate,0.05
ALNY,ALNYLAM PHARMACEUTICALS INC,Health Care,0.05
JBL,JABIL INC,Information Technology,0.05
HUM,HUMANA INC,Health Care,0.05
WEC,WEC ENERGY GROUP INC,Utilities,0.05
DHI,D R HORTON INC,Consumer Discretionary,0.05
IBKR,INTERACTIVE BROKERS GROUP INC CLAS,Financials,0.05
VMC,VULCAN MATERIALS,Materials,0.05
PCG,PG&E CORP,Utilities,0.05
PRU,PRUDENTIAL FINANCIAL INC,Financials,0.05
SYY,SYSCO CORP,Consumer Staples,0.05
ODFL,OLD DOMINION FREIGHT LINE INC,Industrials,0.05
HAL,HALLIBURTON,Energy,0.05
MLM,MARTIN MARIETTA MATERIALS INC,Materials,0.05
ROP,ROPER TECHNOLOGIES INC,Information Technology,0.05
Q,QNITY ELECTRONICS INC,Information Technology,0.05
EQT,EQT CORP,Energy,0.05
ACGL,ARCH CAPITAL GROUP LTD,Financials,0.05
CASY,CASEYS GENERAL STORES INC,Consumer Staples,0.05
ZTS,ZOETIS INC CLASS A,Health Care,0.05
STLD,STEEL DYNAMICS INC,Materials,0.05
KVUE,KENVUE INC,Consumer Staples,0.05
WAT,WATERS CORP,Health Care,0.05
KMB,KIMBERLY CLARK CORP,Consumer Staples,0.05
CCL,CARNIVAL CORP,Consumer Discretionary,0.04
A,AGILENT TECHNOLOGIES INC,Health Care,0.04
MTB,M&T BANK CORP,Financials,0.04
UAL,UNITED AIRLINES HOLDINGS INC,Industrials,0.04
NTRS,NORTHERN TRUST CORP,Financials,0.04
VICI,VICI PPTYS INC,Real Estate,0.04
HBAN,HUNTINGTON BANCSHARES INC,Financials,0.04
CRDO,CREDO TECHNOLOGY GROUP HOLDING LTD,Information Technology,0.04
BIIB,BIOGEN INC,Health Care,0.04
EXR,EXTRA SPACE STORAGE REIT INC,Real Estate,0.04
RMD,RESMED INC,Health Care,0.04
DTE,DTE ENERGY,Utilities,0.04
TDY,TELEDYNE TECHNOLOGIES INC,Information Technology,0.04
DOV,DOVER CORP,Industrials,0.04
CPRT,COPART INC,Industrials,0.04
AEE,AMEREN CORP,Utilities,0.04
ALAB,ASTERA LABS INC,Information Technology,0.04
FTI,TECHNIPFMC PLC,Energy,0.04
IQV,IQVIA HOLDINGS INC,Health Care,0.04
PAYX,PAYCHEX INC,Industrials,0.04
CNC,CENTENE CORP,Health Care,0.04
OTIS,OTIS WORLDWIDE CORP,Industrials,0.04
ATO,ATMOS ENERGY CORP,Utilities,0.04
AXON,AXON ENTERPRISE INC,Industrials,0.04
IR,INGERSOLL RAND INC,Industrials,0.04
FISV,FISERV INC,Financials,0.04
CW,CURTISS WRIGHT CORP,Industrials,0.04
HSY,HERSHEY FOODS,Consumer Staples,0.04
GEHC,GE HEALTHCARE TECHNOLOGIES INC,Health Care,0.04
CNP,CENTERPOINT ENERGY INC,Utilities,0.04
NVT,NVENT ELECTRIC PLC,Industrials,0.04
RJF,RAYMOND JAMES INC,Financials,0.04
DOW,DOW INC,Materials,0.04
TPR,TAPESTRY INC,Consumer Discretionary,0.04
FTAI,FTAI AVIATION LTD,Industrials,0.04
TWLO,TWILIO INC CLASS A,Information Technology,0.04
ZM,ZOOM COMMUNICATIONS INC CLASS A,Information Technology,0.04
RVMD,REVOLUTION MEDICINES INC,Health Care,0.04
EIX,EDISON INTERNATIONAL,Utilities,0.04
P,EVERPURE INC CLASS A,Information Technology,0.04
PPL,PPL CORP,Utilities,0.04
NRG,NRG ENERGY INC,Utilities,0.04
XYL,XYLEM INC,Industrials,0.04
MTZ,MASTEC INC,Industrials,0.04
AVB,AVALONBAY COMMUNITIES REIT INC,Real Estate,0.04
CFG,CITIZENS FINANCIAL GROUP INC,Financials,0.04
LYV,LIVE NATION ENTERTAINMENT INC,Communication,0.04
STRL,STERLING INFRASTRUCTURE INC,Industrials,0.04
QSR,RESTAURANTS BRANDS INTERNATIONAL I,Consumer Discretionary,0.04
HUBB,HUBBELL INC,Industrials,0.04
RBLX,ROBLOX CORP CLASS A,Communication,0.04
ES,EVERSOURCE ENERGY,Utilities,0.04
NTRA,NATERA INC,Health Care,0.04
EXPE,EXPEDIA GROUP INC,Consumer Discretionary,0.04
MTSI,MACOM TECHNOLOGY SOLUTIONS INC,Information Technology,0.04
EQR,EQUITY RESIDENTIAL REIT,Real Estate,0.04
WDAY,WORKDAY INC CLASS A,Information Technology,0.04
FICO,FAIR ISAAC CORP,Information Technology,0.03
CINF,CINCINNATI FINANCIAL CORP,Financials,0.03
VRSN,VERISIGN INC,Information Technology,0.03
AWK,AMERICAN WATER WORKS INC,Utilities,0.03
INSM,INSMED INC,Health Care,0.03
UTHR,UNITED THERAPEUTICS CORP,Health Care,0.03
FN,FABRINET,Information Technology,0.03
SYF,SYNCHRONY FINANCIAL,Financials,0.03
FE,FIRSTENERGY CORP,Utilities,0.03
PPG,PPG INDUSTRIES INC,Materials,0.03
ALB,ALBEMARLE CORP,Materials,0.03
LPLA,LPL FINANCIAL HOLDINGS INC,Financials,0.03
MDB,MONGODB INC CLASS A,Information Technology,0.03
NTAP,NETAPP INC,Information Technology,0.03
OMC,OMNICOM GROUP INC,Communication,0.03
FSLR,FIRST SOLAR INC,Information Technology,0.03
WTW,WILLIS TOWERS WATSON PLC,Financials,0.03
RF,REGIONS FINANCIAL CORP,Financials,0.03
VEEV,VEEVA SYSTEMS INC CLASS A,Health Care,0.03
ARES,ARES MANAGEMENT CORP CLASS A,Financials,0.03
DXCM,DEXCOM INC,Health Care,0.03
CHD,CHURCH AND DWIGHT INC,Consumer Staples,0.03
AKAM,AKAMAI TECHNOLOGIES INC,Information Technology,0.03
CPAY,CORPAY INC,Financials,0.03
NI,NISOURCE INC,Utilities,0.03
MKL,MARKEL GROUP INC,Financials,0.03
DRI,DARDEN RESTAURANTS INC,Consumer Discretionary,0.03
TROW,T ROWE PRICE GROUP INC,Financials,0.03
DG,DOLLAR GENERAL CORP,Consumer Staples,0.03
VRSK,VERISK ANALYTICS INC,Industrials,0.03
TPL,TEXAS PACIFIC LAND CORP,Energy,0.03
XPO,XPO INC,Industrials,0.03
CMS,CMS ENERGY CORP,Utilities,0.03
CTSH,COGNIZANT TECHNOLOGY SOLUTIONS COR,Information Technology,0.03
ATI,ATI INC,Industrials,0.03
PFG,PRINCIPAL FINANCIAL GROUP INC,Financials,0.03
WWD,WOODWARD INC,Industrials,0.03
PHM,PULTEGROUP INC,Consumer Discretionary,0.03
ILMN,ILLUMINA INC,Health Care,0.03
FIS,FIDELITY NATIONAL INFORMATION SERV,Financials,0.03
SBAC,SBA COMMUNICATIONS REIT CORP CLASS,Real Estate,0.03
ULTA,ULTA BEAUTY INC,Consumer Discretionary,0.03
WST,WEST PHARMACEUTICAL SERVICES INC,Health Care,0.03
EXE,EXPAND ENERGY CORP,Energy,0.03
DGX,QUEST DIAGNOSTICS INC,Health Care,0.03
MKSI,MKS,Information Technology,0.03
ENTG,ENTEGRIS INC,Information Technology,0.03
LH,LABCORP HOLDINGS INC,Health Care,0.03
DD,DUPONT DE NEMOURS INC,Materials,0.03
VLTO,VERALTO CORP,Industrials,0.03
CRS,CARPENTER TECHNOLOGY CORP,Industrials,0.03
MTD,METTLER TOLEDO INC,Health Care,0.03
EXPD,EXPEDITORS INTERNATIONAL OF WASHIN,Industrials,0.03
SW,SMURFIT WESTROCK PLC,Materials,0.03
CPNG,COUPANG INC CLASS A,Consumer Discretionary,0.03
RPRX,ROYALTY PHARMA PLC CLASS A,Health Care,0.03
RGLD,ROYAL GOLD INC,Materials,0.03
STE,STERIS,Health Care,0.03
WSM,WILLIAMS SONOMA INC,Consumer Discretionary,0.03
FFIV,F5 INC,Information Technology,0.03
STZ,CONSTELLATION BRANDS INC CLASS A,Consumer Staples,0.03
CF,CF INDUSTRIES HOLDINGS INC,Materials,0.03
EL,ESTEE LAUDER INC CLASS A,Consumer Staples,0.03
CDE,COEUR MINING INC,Materials,0.03
RDDT,REDDIT INC CLASS A,Communication,0.03
VTRS,VIATRIS INC,Health Care,0.03
HPQ,HP INC,Information Technology,0.03
RS,RELIANCE STEEL & ALUMINUM,Materials,0.03
IFF,INTERNATIONAL FLAVORS & FRAGRANCES,Materials,0.03
KHC,KRAFT HEINZ,Consumer Staples,0.03
EFX,EQUIFAX INC,Industrials,0.03
KEY,KEYCORP,Financials,0.03
NXT,NEXTPOWER INC CLASS A,Industrials,0.03
PKG,PACKAGING CORP OF AMERICA,Materials,0.03
FWONK,LIBERTY MEDIA FORMULA ONE SERIES C,Communication,0.03
CHRW,CH ROBINSON WORLDWIDE INC,Industrials,0.03
LYB,LYONDELLBASELL INDUSTRIES NV CLASS,Materials,0.03
RBC,RBC BEARINGS INC,Industrials,0.03
EVRG,EVERGY INC,Utilities,0.03
SNA,SNAP ON INC,Industrials,0.03
RBA,RB GLOBAL INC,Industrials,0.03
SITM,SITIME CORP,Information Technology,0.03
USFD,US FOODS HOLDING CORP,Consumer Staples,0.03
FTV,FORTIVE CORP,Industrials,0.03
TSN,TYSON FOODS INC CLASS A,Consumer Staples,0.03
BWXT,BWX TECHNOLOGIES INC,Industrials,0.03
SOFI,SOFI TECHNOLOGIES INC,Financials,0.03
MRNA,MODERNA INC,Health Care,0.03
LUV,SOUTHWEST AIRLINES,Industrials,0.03
IONQ,IONQ INC,Information Technology,0.03
JBHT,JB HUNT TRANSPORT SERVICES INC,Industrials,0.03
SNX,TD SYNNEX CORP,Information Technology,0.03
LNT,ALLIANT ENERGY CORP,Utilities,0.03
BAM,BROOKFIELD ASSET MANAGEMENT VOTING,Financials,0.03
SATS,ECHOSTAR CORP CLASS A,Communication,0.03
BURL,BURLINGTON STORES INC,Consumer Discretionary,0.03
GIS,GENERAL MILLS INC,Consumer Staples,0.03
TTMI,TTM TECHNOLOGIES INC,Information Technology,0.03
AFRM,AFFIRM HOLDINGS INC CLASS A,Financials,0.03
AA,ALCOA CORP,Materials,0.03
AMCR,AMCOR PLC,Materials,0.02
L,LOEWS CORP,Financials,0.02
ESS,ESSEX PROPERTY TRUST REIT INC,Real Estate,0.02
LEN,LENNAR A CORP CLASS A,Consumer Discretionary,0.02
INVH,INVITATION HOMES INC,Real Estate,0.02
FCNCA,FIRST CITIZENS BANCSHARES INC CLAS,Financials,0.02
ITT,ITT INC,Industrials,0.02
LSCC,LATTICE SEMICONDUCTOR CORP,Information Technology,0.02
WCC,WESCO INTERNATIONAL INC,Industrials,0.02
THC,TENET HEALTHCARE CORP,Health Care,0.02
WY,WEYERHAEUSER REIT,Real Estate,0.02
BR,BROADRIDGE FINANCIAL SOLUTIONS INC,Industrials,0.02
IP,INTERNATIONAL PAPER,Materials,0.02
DLTR,DOLLAR TREE INC,Consumer Staples,0.02
BG,BUNGE GLOBAL SA,Consumer Staples,0.02
PTC,PTC INC,Information Technology,0.02
OVV,OVINTIV INC,Energy,0.02
EWBC,EAST WEST BANCORP INC,Financials,0.02
ASTS,AST SPACEMOBILE INC CLASS A,Communication,0.02
ROKU,ROKU INC CLASS A,Communication,0.02
TXT,TEXTRON INC,Industrials,0.02
ZBH,ZIMMER BIOMET HOLDINGS INC,Health Care,0.02
SMCI,SUPER MICRO COMPUTER INC,Information Technology,0.02
HEIA,HEICO CORP CLASS A,Industrials,0.02
GPN,GLOBAL PAYMENTS INC,Financials,0.02
SCCO,SOUTHERN COPPER CORP,Materials,0.02
WPC,W. P. CAREY REIT INC,Real Estate,0.02
IEX,IDEX CORP,Industrials,0.02
LII,LENNOX INTERNATIONAL INC,Industrials,0.02
APG,API GROUP CORP,Industrials,0.02
LVS,LAS VEGAS SANDS CORP,Consumer Discretionary,0.02
TLN,TALEN ENERGY CORP,Utilities,0.02
ROL,ROLLINS INC,Industrials,0.02
NBIX,NEUROCRINE BIOSCIENCES INC,Health Care,0.02
TSCO,TRACTOR SUPPLY,Consumer Discretionary,0.02
NLY,ANNALY CAPITAL MANAGEMENT REIT INC,Financials,0.02
LDOS,LEIDOS HOLDINGS INC,Industrials,0.02
INCY,INCYTE CORP,Health Care,0.02
BRO,BROWN & BROWN INC,Financials,0.02
NVR,NVR INC,Consumer Discretionary,0.02
KIM,KIMCO REALTY REIT CORP,Real Estate,0.02
GNRC,GENERAC HOLDINGS INC,Industrials,0.02
BALL,BALL CORP,Materials,0.02
CLH,CLEAN HARBORS INC,Industrials,0.02
SUI,SUN COMMUNITIES REIT INC,Real Estate,0.02
MLI,MUELLER INDUSTRIES INC,Industrials,0.02
HST,HOST HOTELS & RESORTS REIT INC,Real Estate,0.02
FLUT,FLUTTER ENTERTAINMENT PLC,Consumer Discretionary,0.02
MAA,MID AMERICA APARTMENT COMMUNITIES,Real Estate,0.02
NDSN,NORDSON CORP,Industrials,0.02
PFGC,PERFORMANCE FOOD GROUP,Consumer Staples,0.02
AAOI,APPLIED OPTOELECTRONICS INC,Information Technology,0.02
MOD,MODINE MANUFACTURING,Industrials,0.02
ZS,ZSCALER INC,Information Technology,0.02
CSL,CARLISLE COMPANIES INC,Industrials,0.02
LECO,LINCOLN ELECTRIC HOLDINGS INC,Industrials,0.02
JLL,JONES LANG LASALLE INC,Real Estate,0.02
WRB,WR BERKLEY CORP,Financials,0.02
RMBS,RAMBUS INC,Information Technology,0.02
EG,EVEREST GROUP LTD,Financials,0.02
DTM,DT MIDSTREAM INC,Energy,0.02
WSO,WATSCO INC,Industrials,0.02
PR,PERMIAN RESOURCES CORP CLASS A,Energy,0.02
CRCL,CIRCLE INTERNET GROUP INC CLASS A,Information Technology,0.02
BWA,BORGWARNER INC,Consumer Discretionary,0.02
VIK,VIKING HOLDINGS,Consumer Discretionary,0.02
MAS,MASCO CORP,Industrials,0.02
JAZZ,JAZZ PHARMACEUTICALS PLC,Health Care,0.02
PNFP,PINNACLE FINANCIAL PARTNERS INC,Financials,0.02
SOLS,SOLSTICE ADVANCED MATERIALS INC,Materials,0.02
DKS,DICKS SPORTING INC,Consumer Discretionary,0.02
FOXA,FOX CORP CLASS A,Communication,0.02
UNM,UNUM,Financials,0.02
ONTO,ONTO INNOVATION INC,Information Technology,0.02
REG,REGENCY CENTERS REIT CORP,Real Estate,0.02
SSNC,SS AND C TECHNOLOGIES HOLDINGS INC,Industrials,0.02
EXEL,EXELIXIS INC,Health Care,0.02
DOC,HEALTHPEAK PROPERTIES INC,Real Estate,0.02
OHI,OMEGA HEALTHCARE INVESTORS REIT IN,Real Estate,0.02
GPC,GENUINE PARTS,Consumer Discretionary,0.02
RGA,REINSURANCE GROUP OF AMERICA INC,Financials,0.02
DECK,DECKERS OUTDOOR CORP,Consumer Discretionary,0.02
CSGP,COSTAR GROUP INC,Real Estate,0.02
TEAM,ATLASSIAN CORP CLASS A,Information Technology,0.02
RRX,REGAL REXNORD CORP,Industrials,0.02
SMTC,SEMTECH CORP,Information Technology,0.02
TRMB,TRIMBLE INC,Information Technology,0.02
ARMK,ARAMARK,Consumer Discretionary,0.02
RKT,ROCKET COMPANIES INC CLASS A,Financials,0.02
HL,HECLA MINING,Materials,0.02
RNR,RENAISSANCERE HOLDING LTD,Financials,0.02
HAS,HASBRO INC,Consumer Discretionary,0.02
TYL,TYLER TECHNOLOGIES INC,Information Technology,0.02
DY,DYCOM INDUSTRIES INC,Industrials,0.02
CDW,CDW CORP,Information Technology,0.02
APA,APA CORP,Energy,0.02
HII,HUNTINGTON INGALLS INDUSTRIES INC,Industrials,0.02
TW,TRADEWEB MARKETS INC CLASS A,Financials,0.02
J,JACOBS SOLUTIONS INC,Industrials,0.02
TRU,TRANSUNION,Industrials,0.02
RL,RALPH LAUREN CORP CLASS A,Consumer Discretionary,0.02
SGI,SOMNIGROUP INTERNATIONAL INC,Consumer Discretionary,0.02
CG,CARLYLE GROUP INC,Financials,0.02
LAMR,LAMAR ADVERTISING COMPANY CLAS,Real Estate,0.02
TOL,TOLL BROTHERS INC,Consumer Discretionary,0.02
AEIS,ADVANCED ENERGY INDUSTRIES INC,Information Technology,0.02
OKTA,OKTA INC CLASS A,Information Technology,0.02
GEN,GEN DIGITAL INC,Information Technology,0.02
LULU,LULULEMON ATHLETICA INC,Consumer Discretionary,0.02
GGG,GRACO INC,Industrials,0.02
GL,GLOBE LIFE INC,Financials,0.02
GLPI,GAMING AND LEISURE PROPERTIES REIT,Real Estate,0.02
TKO,TKO GROUP HOLDINGS INC CLASS A,Communication,0.02
NYT,NEW YORK TIMES CLASS A,Communication,0.02
MDLN,MEDLINE INC CLASS A,Health Care,0.02
RPM,RPM INTERNATIONAL INC,Materials,0.02
EVR,EVERCORE INC CLASS A,Financials,0.02
VIAV,VIAVI SOLUTIONS INC,Information Technology,0.02
SANM,SANMINA CORP,Information Technology,0.02
AIZ,ASSURANT INC,Financials,0.02
ZBRA,ZEBRA TECHNOLOGIES CORP CLASS A,Information Technology,0.02
BJ,BJS WHOLESALE CLUB HOLDINGS INC,Consumer Staples,0.02
ROIV,ROIVANT SCIENCES LTD,Health Care,0.02
PEN,PENUMBRA INC,Health Care,0.02
UDR,UDR REIT INC,Real Estate,0.02
HEI,HEICO CORP,Industrials,0.02
AIT,APPLIED INDUSTRIAL TECHNOLOGIES IN,Industrials,0.02
TXRH,TEXAS ROADHOUSE INC,Consumer Discretionary,0.02
AVY,AVERY DENNISON CORP,Materials,0.02
FNF,FIDELITY NATIONAL FINANCIAL INC,Financials,0.02
PNR,PENTAIR,Industrials,0.02
IONS,IONIS PHARMACEUTICALS INC,Health Care,0.02
ELS,EQUITY LIFESTYLE PROPERTIES REIT I,Real Estate,0.02
COO,COOPER INC,Health Care,0.02
DOCN,DIGITALOCEAN HOLDINGS INC,Information Technology,0.02
GH,GUARDANT HEALTH INC,Health Care,0.02
PNW,PINNACLE WEST CORP,Utilities,0.02
DKNG,DRAFTKINGS INC CLASS A,Consumer Discretionary,0.02
CHTR,CHARTER COMMUNICATIONS INC CLASS A,Communication,0.02
SWK,STANLEY BLACK & DECKER INC,Industrials,0.02
AGNC,AGNC INVESTMENT REIT CORP,Financials,0.02
WBS,WEBSTER FINANCIAL CORP,Financials,0.02
APTV,APTIV PLC,Consumer Discretionary,0.02
FHN,FIRST HORIZON CORP,Financials,0.02
GDDY,GODADDY INC CLASS A,Information Technology,0.02
CCK,CROWN HOLDINGS INC,Materials,0.02
EQH,EQUITABLE HOLDINGS INC,Financials,0.02
BLD,TOPBUILD CORP,Consumer Discretionary,0.02
MKC,MCCORMICK & CO NON-VOTING INC,Consumer Staples,0.02
FIVE,FIVE BELOW INC,Consumer Discretionary,0.02
CPT,CAMDEN PROPERTY TRUST REIT,Real Estate,0.02
SF,STIFEL FINANCIAL CORP,Financials,0.02
SAIA,SAIA INC,Industrials,0.02
CACI,CACI INTERNATIONAL INC CLASS A,Industrials,0.02
ARW,ARROW ELECTRONICS INC,Information Technology,0.02
CLX,CLOROX,Consumer Staples,0.02
PINS,PINTEREST INC CLASS A,Communication,0.02
RVTY,REVVITY INC,Health Care,0.02
LFUS,LITTELFUSE INC,Information Technology,0.02
ALLE,ALLEGION PLC,Industrials,0.02
NTNX,NUTANIX INC CLASS A,Information Technology,0.02
ALLY,ALLY FINANCIAL INC,Financials,0.02
DINO,HF SINCLAIR CORP,Energy,0.02
SCI,SERVICE,Consumer Discretionary,0.02
ALGN,ALIGN TECHNOLOGY INC,Health Care,0.02
RIVN,RIVIAN AUTOMOTIVE INC CLASS A,Consumer Discretionary,0.02
QXO,QXO INC,Industrials,0.02
SOLV,SOLVENTUM CORP,Health Care,0.02
PL,PLANET LABS CLASS A,Industrials,0.02
EHC,ENCOMPASS HEALTH CORP,Health Care,0.02
CGNX,COGNEX CORP,Information Technology,0.02
BBIO,BRIDGEBIO PHARMA INC,Health Care,0.02
APLD,APPLIED DIGITAL CORP,Information Technology,0.02
BBY,BEST BUY INC,Consumer Discretionary,0.01
EGP,EASTGROUP PROPERTIES REIT INC,Real Estate,0.01
ALSN,ALLISON TRANSMISSION HOLDINGS INC,Industrials,0.01
ELAN,ELANCO ANIMAL HEALTH INC,Health Care,0.01
AR,ANTERO RESOURCES CORP,Energy,0.01
VMI,VALMONT INDS INC,Industrials,0.01
PODD,INSULET CORP,Health Care,0.01
GWRE,GUIDEWIRE SOFTWARE INC,Information Technology,0.01
JKHY,JACK HENRY AND ASSOCIATES INC,Financials,0.01
IVZ,INVESCO LTD,Financials,0.01
HUT,HUT CORP,Information Technology,0.01
SWKS,SKYWORKS SOLUTIONS INC,Information Technology,0.01
WTRG,ESSENTIAL UTILITIES INC,Utilities,0.01
AMH,AMERICAN HOMES RENT REIT CLASS A,Real Estate,0.01
NWSA,NEWS CORP CLASS A,Communication,0.01
AGX,ARGAN INC,Industrials,0.01
SJM,JM SMUCKER,Consumer Staples,0.01
MOH,MOLINA HEALTHCARE INC,Health Care,0.01
DT,DYNATRACE INC,Information Technology,0.01
TOST,TOAST INC CLASS A,Financials,0.01
DCI,DONALDSON INC,Industrials,0.01
ARWR,ARROWHEAD PHARMACEUTICALS INC,Health Care,0.01
OC,OWENS CORNING,Industrials,0.01
IT,GARTNER INC,Information Technology,0.01
AES,AES CORP,Utilities,0.01
MUSA,MURPHY USA INC,Consumer Discretionary,0.01
AUR,AURORA INNOVATION INC CLASS A,Information Technology,0.01
BMRN,BIOMARIN PHARMACEUTICAL INC,Health Care,0.01
ENSG,ENSIGN GROUP INC,Health Care,0.01
WMS,ADVANCED DRAINAGE SYSTEMS INC,Industrials,0.01
DAR,DARLING INGREDIENTS INC,Consumer Staples,0.01
FORM,FORMFACTOR INC,Information Technology,0.01
AXSM,AXSOME THERAPEUTICS INC,Health Care,0.01
DPZ,DOMINOS PIZZA INC,Consumer Discretionary,0.01
OGE,OGE ENERGY CORP,Utilities,0.01
ESI,ELEMENT SOLUTIONS INC,Materials,0.01
SPXC,SPX TECHNOLOGIES INC,Industrials,0.01
MEDP,MEDPACE HOLDINGS INC,Health Care,0.01
RRC,RANGE RESOURCES CORP,Energy,0.01
FRT,FEDERAL REALTY INVESTMENT TRUST RE,Real Estate,0.01
BPOP,POPULAR INC,Financials,0.01
CTRE,CARETRUST REIT INC,Real Estate,0.01
LUMN,LUMEN TECHNOLOGIES INC,Communication,0.01
KTOS,KRATOS DEFENSE AND SECURITY SOLUTI,Industrials,0.01
KNX,KNIGHT-SWIFT TRANSPORTATION HOLDIN,Industrials,0.01
ACM,AECOM,Industrials,0.01
WTFC,WINTRUST FINANCIAL CORP,Financials,0.01
CNH,CNH INDUSTRIAL N.V. NV,Industrials,0.01
COKE,COCA COLA CONSOLIDATED INC,Consumer Staples,0.01
GTLS,CHART INDUSTRIES INC,Industrials,0.01
CYTK,CYTOKINETICS INC,Health Care,0.01
R,RYDER SYSTEM INC,Industrials,0.01
AMKR,AMKOR TECHNOLOGY INC,Information Technology,0.01
AHR,AMERICAN HEALTHCARE REIT INC,Real Estate,0.01
SEIC,SEI INVESTMENTS,Financials,0.01
UMBF,UMB FINANCIAL CORP,Financials,0.01
GFS,GLOBALFOUNDRIES INC,Information Technology,0.01
UHS,UNIVERSAL HEALTH SERVICES INC CLAS,Health Care,0.01
TTD,TRADE DESK INC CLASS A,Communication,0.01
SSB,SOUTHSTATE BANK CORP,Financials,0.01
CR,CRANE,Industrials,0.01
CNM,CORE & MAIN INC CLASS A,Industrials,0.01
BXP,BXP INC,Real Estate,0.01
HUBS,HUBSPOT INC,Information Technology,0.01
ORI,OLD REPUBLIC INTERNATIONAL CORP,Financials,0.01
MP,MP MATERIALS CORP CLASS A,Materials,0.01
AYI,ACUITY INC,Industrials,0.01
FCFS,FIRSTCASH HOLDINGS INC,Financials,0.01
DOCU,DOCUSIGN INC,Information Technology,0.01
VNOM,VIPER ENERGY INC CLASS A,Energy,0.01
GME,GAMESTOP CORP CLASS A,Consumer Discretionary,0.01
CRUS,CIRRUS LOGIC INC,Information Technology,0.01
TTC,TORO,Industrials,0.01
PRI,PRIMERICA INC,Financials,0.01
AAON,AAON INC,Industrials,0.01
ENS,ENERSYS,Industrials,0.01
FOX,FOX CORP CLASS B,Communication,0.01
FLS,FLOWSERVE CORP,Industrials,0.01
MOGA,MOOG INC CLASS A,Industrials,0.01
BAX,BAXTER INTERNATIONAL INC,Health Care,0.01
MDGL,MADRIGAL PHARMACEUTICALS INC,Health Care,0.01
BRX,BRIXMOR PROPERTY GROUP REIT INC,Real Estate,0.01
U,UNITY SOFTWARE INC,Information Technology,0.01
EMN,EASTMAN CHEMICAL,Materials,0.01
COLB,COLUMBIA BANKING SYSTEM INC,Financials,0.01
PRAX,PRAXIS PRECISION MEDICINES INC,Health Care,0.01
CUBE,CUBESMART REIT,Real Estate,0.01
AFG,AMERICAN FINANCIAL GROUP INC,Financials,0.01
SFM,SPROUTS FARMERS MARKET INC,Consumer Staples,0.01
BAH,BOOZ ALLEN HAMILTON HOLDING CORP C,Industrials,0.01
RBRK,RUBRIK INC CLASS A,Information Technology,0.01
ZION,ZIONS BANCORPORATION,Financials,0.01
HALO,HALOZYME THERAPEUTICS INC,Health Care,0.01
SNEX,STONEX GROUP INC,Financials,0.01
BEN,FRANKLIN RESOURCES INC,Financials,0.01
IOT,SAMSARA INC CLASS A,Information Technology,0.01
KEX,KIRBY CORP,Industrials,0.01
SN,SHARKNINJA INC,Consumer Discretionary,0.01
MTCH,MATCH GROUP INC,Communication,0.01
RIOT,RIOT PLATFORMS INC,Information Technology,0.01
GMED,GLOBUS MEDICAL INC CLASS A,Health Care,0.01
AMG,AFFILIATED MANAGERS GROUP INC,Financials,0.01
POWL,POWELL INDUSTRIES INC,Industrials,0.01
OKLO,OKLO INC CLASS A,Utilities,0.01
REXR,REXFORD INDUSTRIAL REALTY REIT INC,Real Estate,0.01
TIGO,MILLICOM INTERNATIONAL CELLULAR SA,Communication,0.01
CRL,CHARLES RIVER LABORATORIES INTERNA,Health Care,0.01
CMC,COMMERCIAL METALS,Materials,0.01
AAL,AMERICAN AIRLINES GROUP INC,Industrials,0.01
ADC,AGREE REALTY REIT CORP,Real Estate,0.01
HLI,HOULIHAN LOKEY INC CLASS A,Financials,0.01
VSAT,VIASAT INC,Information Technology,0.01
SM,SM ENERGY,Energy,0.01
CHRD,CHORD ENERGY CORP,Energy,0.01
CFR,CULLEN FROST BANKERS INC,Financials,0.01
JEF,JEFFERIES FINANCIAL GROUP INC,Financials,0.01
ONB,OLD NATIONAL BANCORP,Financials,0.01
NOV,NOV INC,Energy,0.01
ORA,ORMAT TECH INC,Utilities,0.01
ARE,ALEXANDRIA REAL ESTATE EQUITIES RE,Real Estate,0.01
NNN,NNN REIT INC,Real Estate,0.01
SSD,SIMPSON MANUFACTURING INC,Industrials,0.01
BLDR,BUILDERS FIRSTSOURCE INC,Industrials,0.01
FR,FIRST INDUSTRIAL REALTY TRUST INC,Real Estate,0.01
QBTS,D WAVE QUANTUM INC,Information Technology,0.01
VOYA,VOYA FINANCIAL INC,Financials,0.01
WULF,TERAWULF INC,Information Technology,0.01
WAL,WESTERN ALLIANCE,Financials,0.01
WFRD,WEATHERFORD INTERNATIONAL PLC,Energy,0.01
WTS,WATTS WATER TECHNOLOGIES INC CLASS,Industrials,0.01
ECG,EVERUS CONSTRUCTION GROUP INC,Industrials,0.01
OSK,OSHKOSH CORP,Industrials,0.01
ONON,ON HOLDING AG CLASS A,Consumer Discretionary,0.01
FDS,FACTSET RESEARCH SYSTEMS INC,Financials,0.01
QRVO,QORVO INC,Information Technology,0.01
MANH,MANHATTAN ASSOCIATES INC,Information Technology,0.01
KRYS,KRYSTAL BIOTECH INC,Health Care,0.01
MASI,MASIMO CORP,Health Care,0.01
ATR,APTARGROUP INC,Materials,0.01
MGM,MGM RESORTS INTERNATIONAL,Consumer Discretionary,0.01
FLR,FLUOR CORP,Industrials,0.01
IDA,IDACORP INC,Utilities,0.01
GKOS,GLAUKOS CORP,Health Care,0.01
HSIC,HENRY SCHEIN INC,Health Care,0.01
DVA,DAVITA INC,Health Care,0.01
AXS,AXIS CAPITAL HOLDINGS LTD,Financials,0.01
ESE,ESCO TECHNOLOGIES INC,Industrials,0.01
LEA,LEAR CORP,Consumer Discretionary,0.01
NFG,NATIONAL FUEL GAS,Utilities,0.01
WYNN,WYNN RESORTS LTD,Consumer Discretionary,0.01
CRBG,COREBRIDGE FINANCIAL INC,Financials,0.01
PLXS,PLEXUS CORP,Information Technology,0.01
H,HYATT HOTELS CORP CLASS A,Consumer Discretionary,0.01
HXL,HEXCEL CORP,Industrials,0.01
ST,SENSATA TECHNOLOGIES HOLDING PLC,Industrials,0.01
UEC,URANIUM ENERGY CORP,Energy,0.01
VICR,VICOR CORP,Industrials,0.01
BTSG,BRIGHTSPRING HEALTH SERVICES INC,Health Care,0.01
TKR,TIMKEN,Industrials,0.01
TTEK,TETRA TECH INC,Industrials,0.01
CAVA,CAVA GROUP INC,Consumer Discretionary,0.01
TAP,MOLSON COORS BREWING CLASS B,Consumer Staples,0.01
FSS,FEDERAL SIGNAL CORP,Industrials,0.01
AM,ANTERO MIDSTREAM CORP,Energy,0.01
NPO,ENPRO INC,Industrials,0.01
STAG,STAG INDUSTRIAL REIT INC,Real Estate,0.01
AWI,ARMSTRONG WORLD INDUSTRIES INC,Industrials,0.01
MXL,MAXLINEAR INC,Information Technology,0.01
MYRG,MYR GROUP INC,Industrials,0.01
ZWS,ZURN ELKAY WATER SOLUTIONS CORP,Industrials,0.01
INGR,INGREDION INC,Consumer Staples,0.01
IDCC,INTERDIGITAL INC,Information Technology,0.01
MOS,MOSAIC,Materials,0.01
AGCO,AGCO CORP,Industrials,0.01
JXN,JACKSON FINANCIAL INC CLASS A,Financials,0.01
HQY,HEALTHEQUITY INC,Health Care,0.01
XP,XP CLASS A INC,Financials,0.01
TECH,BIO TECHNE CORP,Health Care,0.01
MTDR,MATADOR RESOURCES,Energy,0.01
PAYC,PAYCOM SOFTWARE INC,Industrials,0.01
MIDD,MIDDLEBY CORP,Industrials,0.01
UGI,UGI CORP,Utilities,0.01
TEX,TEREX CORP,Industrials,0.01
LKQ,LKQ CORP,Consumer Discretionary,0.01
AVT,AVNET INC,Information Technology,0.01
NCLH,NORWEGIAN CRUISE LINE HOLDINGS LTD,Consumer Discretionary,0.01
KGS,KODIAK GAS SERVICES INC,Energy,0.01
SSRM,SSR MINING INC,Materials,0.01
FAF,FIRST AMERICAN FINANCIAL CORP,Financials,0.01
DOX,AMDOCS LTD,Information Technology,0.01
RAL,RALLIANT CORP,Information Technology,0.01
CART,MAPLEBEAR INC,Consumer Staples,0.01
CIFR,CIPHER DIGITAL INC,Information Technology,0.01
PCVX,VAXCYTE INC,Health Care,0.01
LNTH,LANTHEUS HOLDINGS INC,Health Care,0.01
AOS,A O SMITH CORP,Industrials,0.01
SLAB,SILICON LABORATORIES INC,Information Technology,0.01
CWAN,CLEARWATER ANALYTICS HOLDINGS INC,Information Technology,0.01
EXP,EAGLE MATERIALS INC,Materials,0.01
JHG,JANUS HENDERSON GROUP PLC,Financials,0.01
QGEN,QIAGEN NV,Health Care,0.01
CE,CELANESE CORP,Materials,0.01
THG,HANOVER INSURANCE GROUP INC,Financials,0.01
HR,HEALTHCARE REALTY TRUST INC CLASS,Real Estate,0.01
CAG,CONAGRA BRANDS INC,Consumer Staples,0.01
CBSH,COMMERCE BANCSHARES INC,Financials,0.01
CORZ,CORE SCIENTIFIC INC,Information Technology,0.01
LAD,LITHIA MOTORS INC CLASS A,Consumer Discretionary,0.01
KNSL,KINSALE CAPITAL GROUP INC,Financials,0.01
AROC,ARCHROCK INC,Energy,0.01
JBTM,JBT MAREL CORP,Industrials,0.01
JOBY,JOBY AVIATION INC CLASS A,Industrials,0.01
Z,ZILLOW GROUP INC CLASS C,Real Estate,0.01
NE,NOBLE CORPORATION PLC,Energy,0.01
TGTX,TG THERAPEUTICS INC,Health Care,0.01
IESC,IES INC,Industrials,0.01
AXTA,AXALTA COATING SYSTEMS LTD,Materials,0.01
OMF,ONEMAIN HOLDINGS INC,Financials,0.01
TRNO,TERRENO REALTY REIT CORP,Real Estate,0.01
CHE,CHEMED CORP,Health Care,0.01
TFX,TELEFLEX INC,Health Care,0.01
MSA,MSA SAFETY INC,Industrials,0.01
RHP,RYMAN HOSPITALITY PROPERTIES REIT,Real Estate,0.01
ALKS,ALKERMES,Health Care,0.01
ACA,ARCOSA INC,Industrials,0.01
PTGX,PROTAGONIST THERAPEUTICS INC,Health Care,0.01
PB,PROSPERITY BANCSHARES INC,Financials,0.01
SARO,STANDARDAERO,Industrials,0.01
CLF,CLEVELAND CLIFFS INC,Materials,0.01
WH,WYNDHAM HOTELS RESORTS INC,Consumer Discretionary,0.01
GATX,GATX CORP,Industrials,0.01
FNB,FNB CORP,Financials,0.01
VLY,VALLEY NATIONAL,Financials,0.01
LSTR,LANDSTAR SYSTEM INC,Industrials,0.01
AVAV,AEROVIRONMENT INC,Industrials,0.01
EPRT,ESSENTIAL PROPERTIES REALTY TRUST,Real Estate,0.01
LW,LAMB WESTON HOLDINGS INC,Consumer Staples,0.01
GTES,GATES INDUSTRIAL PLC,Industrials,0.01
RYN,RAYONIER REIT INC,Real Estate,0.01
MTG,MGIC INVESTMENT CORP,Financials,0.01
GBCI,GLACIER BANCORP INC,Financials,0.01
NXST,NEXSTAR MEDIA GROUP INC,Communication,0.01
OWL,BLUE OWL CAPITAL INC CLASS A,Financials,0.01
VFC,VF CORP,Consumer Discretionary,0.01
GVA,GRANITE CONSTRUCTION INC,Industrials,0.01
ETSY,ETSY INC,Consumer Discretionary,0.01
MAC,MACERICH REIT,Real Estate,0.01
W,WAYFAIR INC CLASS A,Consumer Discretionary,0.01
RIG,TRANSOCEAN LTD,Energy,0.01
ESNT,ESSENT GROUP LTD,Financials,0.01
STWD,STARWOOD PROPERTY TRUST REIT INC,Financials,0.01
KLIC,KULICKE AND SOFFA INDUSTRIES INC,Information Technology,0.01
RGEN,REPLIGEN CORP,Health Care,0.01
ACI,ALBERTSONS COMPANY INC CLASS A,Consumer Staples,0.01
VSNT,VERSANT MEDIA GROUP INC,Communication,0.01
HRL,HORMEL FOODS CORP,Consumer Staples,0.01
BROS,DUTCH BROS INC CLASS A,Consumer Discretionary,0.01
RGTI,RIGETTI COMPUTING INC,Information Technology,0.01
CZR,CAESARS ENTERTAINMENT INC,Consumer Discretionary,0.01
VAL,VALARIS LTD,Energy,0.01
GXO,GXO LOGISTICS INC,Industrials,0.01
POOL,POOL CORP,Consumer Discretionary,0.01
PCOR,PROCORE TECHNOLOGIES INC,Information Technology,0.01
HWC,HANCOCK WHITNEY CORP,Financials,0.01
PRIM,PRIMORIS SERVICES CORP,Industrials,0.01
PRMB,PRIMO BRANDS CLASS A CORP,Consumer Staples,0.01
NOVT,NOVANTA INC,Information Technology,0.01
TMHC,TAYLOR MORRISON HOME CORP,Consumer Discretionary,0.01
SWX,SOUTHWEST GAS HOLDINGS INC,Utilities,0.01
KMX,CARMAX INC,Consumer Discretionary,0.01
EAT,BRINKER INTERNATIONAL INC,Consumer Discretionary,0.01
ALGM,ALLEGRO MICROSYSTEMS INC,Information Technology,0.01
AUB,ATLANTIC UNION BANKSHARES CORP,Financials,0.01
NJR,NEW JERSEY RESOURCES CORP,Utilities,0.01
ENPH,ENPHASE ENERGY INC,Information Technology,0.01
MSGS,MADISON SQUARE GARDEN SPORTS CORP,Communication,0.01
MATX,MATSON INC,Industrials,0.01
UBSI,UNITED BANKSHARES INC,Financials,0.01
LNC,LINCOLN NATIONAL CORP,Financials,0.01
TXNM,TXNM ENERGY INC,Utilities,0.01
SYRE,SPYRE THERAPEUTICS INC,Health Care,0.01
BKH,BLACK HILLS CORP,Utilities,0.01
ROAD,CONSTRUCTION PARTNERS INC CLASS A,Industrials,0.01
CHDN,CHURCHILL DOWNS INC,Consumer Discretionary,0.01
POR,PORTLAND GENERAL ELECTRIC,Utilities,0.01
GTX,GARRETT MOTION INC,Consumer Discretionary,0.01
BC,BRUNSWICK CORP,Consumer Discretionary,0.01
TPG,TPG INC CLASS A,Financials,0.01
MUR,MURPHY OIL CORP,Energy,0.01
CWST,CASELLA WASTE SYSTEMS INC CLASS A,Industrials,0.01
PTCT,PTC THERAPEUTICS INC,Health Care,0.01
VNO,VORNADO REALTY TRUST REIT,Real Estate,0.01
KRG,KITE REALTY GROUP TRUST REIT,Real Estate,0.01
RDN,RADIAN GROUP INC,Financials,0.01
SITE,SITEONE LANDSCAPE SUPPLY INC,Industrials,0.01
PLUG,PLUG POWER INC,Industrials,0.01
CROX,CROCS INC,Consumer Discretionary,0.01
GNTX,GENTEX CORP,Consumer Discretionary,0.01
PIPR,PIPER SANDLER COMPANIES,Financials,0.01
CORT,CORCEPT THERAPEUTICS INC,Health Care,0.01
GLNG,GOLAR LNG LTD,Energy,0.01
ACLS,AXCELIS TECHNOLOGIES INC,Information Technology,0.01
SIGI,SELECTIVE INSURANCE GROUP INC,Financials,0.01
AVTR,AVANTOR INC,Health Care,0.01
COMP,COMPASS INC CLASS A,Real Estate,0.01
RITM,RITHM CAPITAL CORP,Financials,0.01
POST,POST HOLDINGS INC,Consumer Staples,0.01
NUVL,NUVALENT INC CLASS A,Health Care,0.01
OGS,ONE GAS INC,Utilities,0.01
LYFT,LYFT INC CLASS A,Industrials,0.01
WTM,WHITE MOUNTAINS INSURANCE GROUP LT,Financials,0.01
ABCB,AMERIS BANCORP,Financials,0.01
LBRT,LIBERTY ENERGY INC CLASS A,Energy,0.01
MGY,MAGNOLIA OIL GAS CORP CLASS A,Energy,0.01
S,SENTINELONE INC CLASS A,Information Technology,0.01
ESAB,ESAB CORP,Industrials,0.01
CVSA,COVISTA INC,Consumer Discretionary,0.01
M,MACYS INC,Consumer Discretionary,0.01
CHWY,CHEWY INC CLASS A,Consumer Discretionary,0.01
LGN,LEGENCE CORP CLASS A,Industrials,0.01
MHK,MOHAWK INDUSTRIES INC,Consumer Discretionary,0.01
OZK,BANK OZK,Financials,0.01
EPAM,EPAM SYSTEMS INC,Information Technology,0.01
HOMB,HOME BANCSHARES INC,Financials,0.01
MKTX,MARKETAXESS HOLDINGS INC,Financials,0.01
SR,SPIRE INC,Utilities,0.01
SYNA,SYNAPTICS INC,Information Technology,0.01
SIRI,SIRIUSXM HOLDINGS INC,Communication,0.01
HIMS,HIMS HERS HEALTH INC CLASS A,Health Care,0.01
SBRA,SABRA HEALTH CARE REIT INC,Real Estate,0.01
UFPI,UFP INDUSTRIES INC,Industrials,0.01
SXT,SENSIENT TECHNOLOGIES CORP,Materials,0.01
PECO,PHILLIPS EDISON AND COMPANY INC,Real Estate,0.01
MSM,MSC INDUSTRIAL INC CLASS A,Industrials,0.01
COGT,COGENT BIOSCIENCES INC,Health Care,0.01
CRSP,CRISPR THERAPEUTICS AG,Health Care,0.01
HRB,H&R BLOCK INC,Consumer Discretionary,0.01
AN,AUTONATION INC,Consumer Discretionary,0.01
BSY,BENTLEY SYSTEMS INC CLASS B,Information Technology,0.01
MAT,MATTEL INC,Consumer Discretionary,0.01
UUUU,ENERGY FUELS INC,Energy,0.01
BCPC,BALCHEM CORP,Materials,0.01
AS,AMER SPORTS INC,Consumer Discretionary,0.01
PRM,PERIMETER SOLUTIONS INC,Materials,0.01
DBX,DROPBOX INC CLASS A,Information Technology,0.01
SON,SONOCO PRODUCTS,Materials,0.01
LOPE,GRAND CANYON EDUCATION INC,Consumer Discretionary,0.01
RYTM,RHYTHM PHARMACEUTICALS INC,Health Care,0.01
VSEC,VSE CORP,Industrials,0.01
GAP,GAP INC,Consumer Discretionary,0.01
KYMR,KYMERA THERAPEUTICS INC,Health Care,0.01
XENE,XENON PHARMACEUTICALS INC,Health Care,0.01
HASI,HA SUSTAINABLE INFRASTRUCTURE CAPI,Financials,0.01
BRKR,BRUKER CORP,Health Care,0.01
BIPC,BROOKFIELD INFRASTRUCTURE CORP CLA,Utilities,0.01
BEPC,BROOKFIELD RENEWABLE SUBORDINATE V,Utilities,0.01
MARA,MARA HOLDINGS INC,Information Technology,0.01
WSC,WILLSCOT HOLDINGS CORP CLASS A,Industrials,0.01
PTEN,PATTERSON UTI ENERGY INC,Energy,0.01
FND,FLOOR DECOR HOLDINGS INC CLASS A,Consumer Discretionary,0.01
CNO,CNO FINANCIAL GROUP INC,Financials,0.01
G,GENPACT LTD,Industrials,0.01
FTDR,FRONTDOOR INC,Consumer Discretionary,0.01
OLLI,OLLIES BARGAIN OUTLET HOLDINGS INC,Consumer Discretionary,0.01
BIO,BIO RAD LABORATORIES INC CLASS A,Health Care,0.01
ALK,ALASKA AIR GROUP INC,Industrials,0.01
PCTY,PAYLOCITY HOLDING CORP,Industrials,0.01
CRC,CALIFORNIA RESOURCES CORP,Energy,0.01
TCBI,TEXAS CAPITAL BANCSHARES INC,Financials,0.01
ESTC,ELASTIC NV,Information Technology,0.01
VSH,VISHAY INTERTECHNOLOGY INC,Information Technology,0.01
USAR,USA RARE EARTH INC CLASS A,Materials,0.01
OUT,OUTFRONT MEDIA INC,Real Estate,0.01
IBP,INSTALLED BUILDING PRODUCTS INC,Consumer Discretionary,0.01
OSCR,OSCAR HEALTH INC CLASS A,Financials,0.01
VNT,VONTIER CORP,Information Technology,0.01
HCC,WARRIOR MET COAL INC,Materials,0.01
DIOD,DIODES INC,Information Technology,0.01
WEX,WEX INC,Financials,0.01
INDV,INDIVIOR PHARMACEUTICALS INC,Health Care,0.01
UHALB,U HAUL NON VOTING SERIES N,Industrials,0.01
IRDM,IRIDIUM COMMUNICATIONS INC,Communication,0.01
CNX,CNX RESOURCES CORP,Energy,0.01
CELH,CELSIUS HOLDINGS INC,Consumer Staples,0.01
SAIC,SCIENCE APPLICATIONS INTERNATIONAL,Industrials,0.01
MTN,VAIL RESORTS INC,Consumer Discretionary,0.01
BCO,BRINKS,Industrials,0.01
BDC,BELDEN INC,Information Technology,0.01
YOU,CLEAR SECURE INC CLASS A,Information Technology,0.01
KNF,KNIFE RIVER CORP,Materials,0.01
LLYVK,LIBERTY LIVE HOLDINGS INC SERIES C,Consumer Discretionary,0.01
MRCY,MERCURY SYSTEMS INC,Industrials,0.01
CNR,CORE NATURAL RESOURCES INC,Energy,0.01
ATMU,ATMUS FILTRATION TECHNOLOGIES INC,Industrials,0.01
AZZ,AZZ INC,Industrials,0.01
LTH,LIFE TIME GROUP HOLDINGS INC,Consumer Discretionary,0.01
LQDA,LIQUIDIA CORP,Health Care,0.01
MTH,MERITAGE CORP,Consumer Discretionary,0.01
EPR,EPR PROPERTIES REIT,Real Estate,0.01
MIR,MIRION TECHNOLOGIES INC CLASS A,Information Technology,0.01
BOOT,BOOT BARN HOLDINGS INC,Consumer Discretionary,0.01
CWEN,CLEARWAY ENERGY INC CLASS C,Utilities,0.01
BYD,BOYD GAMING CORP,Consumer Discretionary,0.01
CGON,CG ONCOLOGY INC,Health Care,0.01
TVTX,TRAVERE THERAPEUTICS INC,Health Care,0.01
ENVA,ENOVA INTERNATIONAL INC,Financials,0.01
LPX,LOUISIANA PACIFIC CORP,Materials,0.01
TEM,TEMPUS AI INC CLASS A,Health Care,0.01
ASB,ASSOCIATED BANCORP,Financials,0.01
MDU,MDU RESOURCES GROUP INC,Utilities,0.01
PVH,PVH CORP,Consumer Discretionary,0.01
EBC,EASTERN BANKSHARES INC,Financials,0.01
CBT,CABOT CORP,Materials,0.01
CELC,CELCUITY INC,Health Care,0.01
DAN,DANA INCORPORATED INC,Consumer Discretionary,0.01
SLM,SLM CORP,Financials,0.01
FBIN,FORTUNE BRANDS INNOVATIONS INC,Industrials,0.01
LGND,LIGAND PHARMACEUTICALS INC,Health Care,0.01
FCN,FTI CONSULTING INC,Industrials,0.01
TDS,TELEPHONE AND DATA SYSTEMS INC,Communication,0.01
VIRT,VIRTU FINANCIAL INC CLASS A,Financials,0.01
PSMT,PRICESMART INC,Consumer Staples,0.01
HRI,HERC HOLDINGS INC,Industrials,0.01
GSAT,GLOBALSTAR VOTING INC,Communication,0.01
LAUR,LAUREATE EDUCATION INC,Consumer Discretionary,0.01
AX,AXOS FINANCIAL INC,Financials,0.01
BBWI,BATH AND BODY WORKS INC,Consumer Discretionary,0.01
OLED,UNIVERSAL DISPLAY CORP,Information Technology,0.01
FELE,FRANKLIN ELECTRIC INC,Industrials,0.01
CSW,CSW INDUSTRIALS INC,Industrials,0.01
PLNT,PLANET FITNESS INC CLASS A,Consumer Discretionary,0.01
CVLT,COMMVAULT SYSTEMS INC,Information Technology,0.01
CUZ,COUSINS PROPERTIES REIT INC,Real Estate,0.01
COLD,AMERICOLD REALTY INC TRUST,Real Estate,0.01
MIRM,MIRUM PHARMACEUTICALS INC,Health Care,0.01
ACIW,ACI WORLDWIDE INC,Information Technology,0.01
KBR,KBR INC,Industrials,0.01
POWI,POWER INTEGRATIONS INC,Information Technology,0.01
LAZ,LAZARD INC,Financials,0.01
NWE,NORTHWESTERN ENERGY GROUP INC,Utilities,0.01
GPI,GROUP AUTOMOTIVE INC,Consumer Discretionary,0.01
RLI,RLI CORP,Financials,0.01
EXLS,EXLSERVICE HOLDINGS INC,Industrials,0.01
WSFS,WSFS FINANCIAL CORP,Financials,0.01
URBN,URBAN OUTFITTERS INC,Consumer Discretionary,0.01
FLG,FLAGSTAR BANK NATIONAL ASSOCIATION,Financials,0.01
SRRK,SCHOLAR ROCK HOLDING CORP,Health Care,0.01
MRP,MILLROSE PROPERTIES INC CLASS A,Real Estate,0.01
INDB,INDEPENDENT BANK CORP,Financials,0.01
KAI,KADANT INC,Industrials,0.01
VVV,VALVOLINE INC,Consumer Discretionary,0.01
NEU,NEWMARKET CORP,Materials,0.01
RUSHA,RUSH ENTERPRISES INC CLASS A,Industrials,0.01
TREX,TREX INC,Industrials,0.01
FFIN,FIRST FINANCIAL BANKSHARES INC,Financials,0.01
ACHR,ARCHER AVIATION INC CLASS A,Industrials,0.01
KRC,KILROY REALTY REIT CORP,Real Estate,0.01
TPC,TUTOR PERINI CORP,Industrials,0.01
XMTR,XOMETRY INC CLASS A,Industrials,0.01
MTRN,MATERION CORP,Materials,0.01
UNF,UNIFIRST CORP,Industrials,0.01
SHC,SOTERA HEALTH COMPANY,Health Care,0.01
TDW,TIDEWATER INC,Energy,0.01
CLSK,CLEANSPARK INC,Information Technology,0.01
CSTM,CONSTELLIUM SE CLASS A,Materials,0.01
PI,IMPINJ INC,Information Technology,0.01
STNG,SCORPIO TANKERS INC,Energy,0.01
ABG,ASBURY AUTOMOTIVE GROUP INC,Consumer Discretionary,0.01
MORN,MORNINGSTAR INC,Financials,0.01
IBOC,INTERNATIONAL BANCSHARES CORP,Financials,0.01
RELY,REMITLY GLOBAL INC,Financials,0.01
DUOL,DUOLINGO INC CLASS A,Consumer Discretionary,0.01
TPH,TRI POINTE HOMES INC,Consumer Discretionary,0.01
TNL,TRAVEL LEISURE,Consumer Discretionary,0.01
ACMR,ACM RESEARCH CLASS A INC,Information Technology,0.01
SFBS,SERVISFIRST BANCSHARES INC,Financials,0.01
CPB,CAMPBELL SOUP,Consumer Staples,0.01
HP,HELMERICH & PAYNE INC,Energy,0.01
LUNR,INTUITIVE MACHINES INC CLASS A,Industrials,0.01
NVST,ENVISTA HOLDINGS CORP,Health Care,0.01
BF-B,BROWN FORMAN CORP CLASS B,Consumer Staples,0.01
BFAM,BRIGHT HORIZONS FAMILY SOLUTIONS I,Consumer Discretionary,0.01
SKT,TANGER INC,Real Estate,0.01
MWA,MUELLER WATER PRODUCTS INC SERIES,Industrials,0.01
MC,MOELIS CLASS A,Financials,0.01
SKY,CHAMPION HOMES INC,Consumer Discretionary,0.01
PATH,UIPATH INC CLASS A,Information Technology,0.01
IRTC,IRHYTHM HOLDINGS INC,Health Care,0.01
OPLN,OPENLANE INC,Industrials,0.01
CPRX,CATALYST PHARMACEUTICALS INC,Health Care,0.01
AIR,AAR CORP,Industrials,0.01
RNST,RENASANT CORP,Financials,0.01
LIVN,LIVANOVA PLC,Health Care,0.01
CRNX,CRINETICS PHARMACEUTICALS INC,Health Care,0.01
OSIS,OSI SYSTEMS INC,Information Technology,0.01
THO,THOR INDUSTRIES INC,Consumer Discretionary,0.01
FULT,FULTON FINANCIAL CORP,Financials,0.01
PHIN,PHINIA INC,Consumer Discretionary,0.01
SDRL,SEADRILL LTD,Energy,0.01
BGC,BGC GROUP INC CLASS A,Financials,0.01
UCB,UNITED COMMUNITY BANKS INC,Financials,0.01
ANF,ABERCROMBIE AND FITCH CLASS A,Consumer Discretionary,0.01
REZI,RESIDEO TECHNOLOGIES INC,Industrials,0.01
FBP,FIRST BANCORP,Financials,0.01
CENX,CENTURY ALUMINUM,Materials,0.01
LRN,STRIDE INC,Consumer Discretionary,0.01
UCTT,ULTRA CLEAN HOLDINGS INC,Information Technology,0.01
WHD,CACTUS INC CLASS A,Energy,0.01
AGO,ASSURED GUARANTY LTD,Financials,0.01
MMSI,MERIT MEDICAL SYSTEMS INC,Health Care,0.01
PJT,PJT PARTNERS INC CLASS A,Financials,0.01
NVTS,NAVITAS SEMICONDUCTOR CORP,Information Technology,0.01
ITRI,ITRON INC,Information Technology,0.01
CVCO,CAVCO INDUSTRIES INC,Consumer Discretionary,0.01
NWS,NEWS CORP CLASS B,Communication,0.01
AMTM,AMENTUM HOLDINGS INC,Industrials,0.01
LBRDK,LIBERTY BROADBAND CORP SERIES C,Communication,0.01
SKYW,SKYWEST INC,Industrials,0.01
OII,OCEANEERING INTERNATIONAL INC,Energy,0.01
CC,CHEMOURS,Materials,0.01
VSCO,VICTORIA S SECRET,Consumer Discretionary,0.01
NATL,NCR ATLEOS CORP,Financials,0.01
RDNT,RADNET INC,Health Care,0.01
KN,KNOWLES CORP,Information Technology,0.01
AMBA,AMBARELLA INC,Information Technology,0.0
QS,QUANTUMSCAPE CORP CLASS A,Consumer Discretionary,0.0
CATY,CATHAY GENERAL BANCORP,Financials,0.0
OLN,OLIN CORP,Materials,0.0
VCTR,VICTORY CAPITAL HOLDINGS CLASS A I,Financials,0.0
OTTR,OTTER TAIL CORP,Utilities,0.0
RNG,RINGCENTRAL INC CLASS A,Information Technology,0.0
IRT,INDEPENDENCE REALTY INC,Real Estate,0.0
CDP,COPT DEFENSE PROPERTIES,Real Estate,0.0
WING,WINGSTOP INC,Consumer Discretionary,0.0
GHC,GRAHAM HOLDINGS COMPANY CLASS B,Consumer Discretionary,0.0
STEP,STEPSTONE GROUP INC CLASS A,Financials,0.0
BMI,BADGER METER INC,Information Technology,0.0
ADT,ADT INC,Consumer Discretionary,0.0
BNL,BROADSTONE NET LEASE INC,Real Estate,0.0
CALM,CAL MAINE FOODS INC,Consumer Staples,0.0
MHO,M I HOMES INC,Consumer Discretionary,0.0
PII,POLARIS INC,Consumer Discretionary,0.0
FHB,FIRST HAWAIIAN INC,Financials,0.0
KTB,KONTOOR BRANDS INC,Consumer Discretionary,0.0
HLNE,HAMILTON LANE INC CLASS A,Financials,0.0
ZETA,ZETA GLOBAL HOLDINGS CORP CLASS A,Information Technology,0.0
APGE,APOGEE THERAPEUTICS INC,Health Care,0.0
GFF,GRIFFON CORP,Industrials,0.0
GNW,GENWORTH FINANCIAL INC,Financials,0.0
KRMN,KARMAN HOLDINGS INC,Industrials,0.0
SIG,SIGNET JEWELERS LTD,Consumer Discretionary,0.0
BHE,BENCHMARK ELECTRONICS INC,Information Technology,0.0
ALHC,ALIGNMENT HEALTHCARE INC,Health Care,0.0
VECO,VEECO INSTRUMENTS INC,Information Technology,0.0
INSW,INTERNATIONAL SEAWAYS INC,Energy,0.0
KFY,KORN FERRY,Industrials,0.0
OGN,ORGANON,Health Care,0.0
SPHR,SPHERE ENTERTAINMENT CLASS A,Communication,0.0
APPF,APPFOLIO INC CLASS A,Information Technology,0.0
HWKN,HAWKINS INC,Materials,0.0
PBF,PBF ENERGY INC CLASS A,Energy,0.0
BHF,BRIGHTHOUSE FINANCIAL INC,Financials,0.0
BKU,BANKUNITED INC,Financials,0.0
FUL,HB FULLER,Materials,0.0
BOX,BOX INC CLASS A,Information Technology,0.0
PAG,PENSKE AUTOMOTIVE GROUP VOTING INC,Consumer Discretionary,0.0
AVA,AVISTA CORP,Utilities,0.0
ADEA,ADEIA INC,Information Technology,0.0
COCO,THE VITA COCO COMPANY INC,Consumer Staples,0.0
CRGY,CRESCENT ENERGY CLASS A,Energy,0.0
CVBF,CVB FINANCIAL CORP,Financials,0.0
APLE,APPLE HOSPITALITY REIT INC,Real Estate,0.0
LASR,NLIGHT INC,Information Technology,0.0
BXMT,BLACKSTONE MORTGAGE TRUST REIT CLA,Financials,0.0
OPCH,OPTION CARE HEALTH INC,Health Care,0.0
BFH,BREAD FINANCIAL HOLDINGS INC,Financials,0.0
VKTX,VIKING THERAPEUTICS INC,Health Care,0.0
CBU,COMMUNITY FINANCIAL SYSTEM INC,Financials,0.0
YETI,YETI HOLDINGS INC,Consumer Discretionary,0.0
GTLB,GITLAB INC CLASS A,Information Technology,0.0
SLGN,SILGAN HOLDINGS INC,Materials,0.0
QLYS,QUALYS INC,Information Technology,0.0
BILL,BILL HOLDINGS INC,Information Technology,0.0
DORM,DORMAN PRODUCTS INC,Consumer Discretionary,0.0
TDC,TERADATA CORP,Information Technology,0.0
ASO,ACADEMY SPORTS AND OUTDOORS INC,Consumer Discretionary,0.0
LMND,LEMONADE INC,Financials,0.0
NHI,NATIONAL HEALTH INVESTORS REIT INC,Real Estate,0.0
CHEF,CHEFS WAREHOUSE INC,Consumer Staples,0.0
KBH,KB HOME,Consumer Discretionary,0.0
MMS,MAXIMUS INC,Industrials,0.0
DK,DELEK US HOLDINGS INC,Energy,0.0
PLAB,PHOTRONICS INC,Information Technology,0.0
PATK,PATRICK INDUSTRIES INC,Consumer Discretionary,0.0
RXO,RXO INC,Industrials,0.0
DLB,DOLBY LABORATORIES INC CLASS A,Information Technology,0.0
VGNT,VERSIGENT PLC,Consumer Discretionary,0.0
BKD,BROOKDALE SENIOR LIVING INC,Health Care,0.0
SLNO,SOLENO THERAPEUTICS INC,Health Care,0.0
DOCS,DOXIMITY INC CLASS A,Health Care,0.0
SEI,SOLARIS OILFIELD INFRASTRUCTURE IN,Energy,0.0
WLK,WESTLAKE CORP,Materials,0.0
TNGX,TANGO THERAPEUTICS INC,Health Care,0.0
SOUN,SOUNDHOUND AI INC CLASS A,Information Technology,0.0
ORKA,ORUKA THERAPEUTICS INC,Health Care,0.0
DRS,LEONARDO DRS INC,Industrials,0.0
IAC,IAC INC,Communication,0.0
MRX,MAREX GROUP PLC,Financials,0.0
PEGA,PEGASYSTEMS INC,Information Technology,0.0
TWST,TWIST BIOSCIENCE CORP,Health Care,0.0
NMIH,NMI HOLDINGS INC,Financials,0.0
JHX,JAMES HARDIE INDUSTRIES PLC,Materials,0.0
DNTH,DIANTHUS THERAPEUTICS INC,Health Care,0.0
LEU,CENTRUS ENERGY CORP CLASS A,Energy,0.0
VRNS,VARONIS SYSTEMS INC,Information Technology,0.0
ITGR,INTEGER HOLDINGS CORP,Health Care,0.0
RYAN,RYAN SPECIALTY HOLDINGS INC CLASS,Financials,0.0
FIBK,FIRST INTERSTATE BANCSYSTEM INC,Financials,0.0
SLG,SL GREEN REALTY REIT CORP,Real Estate,0.0
CHH,CHOICE HOTELS INTERNATIONAL INC,Consumer Discretionary,0.0
DNLI,DENALI THERAPEUTICS INC,Health Care,0.0
VC,VISTEON CORP,Consumer Discretionary,0.0
CARG,CARGURUS INC CLASS A,Communication,0.0
MPT,MEDICAL PROPERTIES TRUST REIT INC,Real Estate,0.0
EXTR,EXTREME NETWORKS INC,Information Technology,0.0
WSBC,WESBANCO INC,Financials,0.0
BOH,BANK OF HAWAII CORP,Financials,0.0
AVNT,AVIENT CORP,Materials,0.0
AWR,AMERICAN STATES WATER,Utilities,0.0
PARR,PAR PACIFIC HOLDINGS INC,Energy,0.0
NSA,NATIONAL STORAGE AFFILIATES TRUST,Real Estate,0.0
PLMR,PALOMAR HOLDINGS INC,Financials,0.0
HOG,HARLEY DAVIDSON INC,Consumer Discretionary,0.0
HAE,HAEMONETICS CORP,Health Care,0.0
WT,WISDOMTREE INC,Financials,0.0
KALU,KAISER ALUMINIUM CORP,Materials,0.0
SXI,STANDEX INTERNATIONAL CORP,Industrials,0.0
RUN,SUNRUN INC,Industrials,0.0
BEAM,BEAM THERAPEUTICS INC,Health Care,0.0
NG,NOVAGOLD RESOURCES INC,Materials,0.0
PFS,PROVIDENT FINANCIAL SERVICES INC,Financials,0.0
KMT,KENNAMETAL INC,Industrials,0.0
SFNC,SIMMONS FIRST NATIONAL CORP CLASS,Financials,0.0
ASH,ASHLAND INC,Materials,0.0
EEFT,EURONET WORLDWIDE INC,Financials,0.0
LCII,LCI INDUSTRIES,Consumer Discretionary,0.0
BOKF,BOK FINANCIAL CORP,Financials,0.0
CNK,CINEMARK HOLDINGS INC,Communication,0.0
ELF,ELF BEAUTY INC,Consumer Staples,0.0
AAP,ADVANCE AUTO PARTS INC,Consumer Discretionary,0.0
LXP,LXP INDUSTRIAL TRUST,Real Estate,0.0
NTB,BANK OF NT BUTTERFIELD & SON LTD,Financials,0.0
ACAD,ACADIA PHARMACEUTICALS INC,Health Care,0.0
INOD,INNODATA INC,Industrials,0.0
VCYT,VERACYTE INC,Health Care,0.0
GPK,GRAPHIC PACKAGING HOLDING,Materials,0.0
FOUR,SHIFT4 PAYMENTS INC CLASS A,Financials,0.0
PPTA,PERPETUA RESOURCES CORP,Materials,0.0
ATKR,ATKORE INC,Industrials,0.0
GEO,GEO GROUP INC,Industrials,0.0
TOWN,TOWNEBANK,Financials,0.0
MSGE,MADISON SQUARE GARDEN ENTERTAINMEN,Communication,0.0
AEO,AMERICAN EAGLE OUTFITTERS INC,Consumer Discretionary,0.0
JOE,ST JOE,Real Estate,0.0
SHOO,STEVEN MADDEN LTD,Consumer Discretionary,0.0
DX,DYNEX CAPITAL REIT INC,Financials,0.0
CPK,CHESAPEAKE UTILITIES CORP,Utilities,0.0
WRBY,WARBY PARKER INC CLASS A,Consumer Discretionary,0.0
TRMK,TRUSTMARK CORP,Financials,0.0
BTU,PEABODY ENERGY CORP,Energy,0.0
TRN,TRINITY INDUSTRIES INC,Industrials,0.0
FFBC,FIRST FINANCIAL BANCORP,Financials,0.0
BCC,BOISE CASCADE,Industrials,0.0
UNFI,UNITED NATURAL FOODS INC,Consumer Staples,0.0
BELFB,BEL FUSE INC CLASS B,Information Technology,0.0
HGV,HILTON GRAND VACATIONS INC,Consumer Discretionary,0.0
EXPO,EXPONENT INC,Industrials,0.0
PFSI,PENNYMAC FINANCIAL SERVICES INC,Financials,0.0
ICUI,ICU MEDICAL INC,Health Care,0.0
NIC,NICOLET BANKSHARES INC,Financials,0.0
PSN,PARSONS CORP,Industrials,0.0
HAYW,HAYWARD HOLDINGS INC,Industrials,0.0
QTWO,Q2 HOLDINGS INC,Information Technology,0.0
FSLY,FASTLY INC CLASS A,Information Technology,0.0
ROG,ROGERS CORP,Information Technology,0.0
WDFC,WD-40,Consumer Staples,0.0
CLDX,CELLDEX THERAPEUTICS INC,Health Care,0.0
STNE,STONECO LTD CLASS A,Financials,0.0
CON,CONCENTRA GROUP HOLDINGS PARENT IN,Health Care,0.0
MGEE,MGE ENERGY INC,Utilities,0.0
PBH,PRESTIGE CONSUMER HEALTHCARE INC,Health Care,0.0
LOAR,LOAR HOLDINGS INC,Industrials,0.0
ANDE,ANDERSONS INC,Consumer Staples,0.0
PRDO,PERDOCEO EDUCATION CORP,Consumer Discretionary,0.0
IPGP,IPG PHOTONICS CORP,Information Technology,0.0
DYN,DYNE THERAPEUTICS INC,Health Care,0.0
RHI,ROBERT HALF,Industrials,0.0
HIW,HIGHWOODS PROPERTIES REIT INC,Real Estate,0.0
DAVE,DAVE INC CLASS A,Financials,0.0
MGRC,MCGRATH RENT,Industrials,0.0
VISN,VISTANCE NETWORKS INC,Information Technology,0.0
AEHR,AEHR TEST SYSTEMS,Information Technology,0.0
MCY,MERCURY GENERAL CORP,Financials,0.0
BLBD,BLUE BIRD CORP,Industrials,0.0
UI,UBIQUITI INC,Information Technology,0.0
CECO,CECO ENVIRONMENTAL CORP,Industrials,0.0
FBNC,FIRST BANCORP,Financials,0.0
EOSE,EOS ENERGY ENTERPRISES INC CLASS A,Industrials,0.0
KD,KYNDRYL HOLDINGS INC,Information Technology,0.0
NGVT,INGEVITY CORP,Materials,0.0
EWTX,EDGEWISE THERAPEUTICS INC,Health Care,0.0
CTRI,CENTURI HOLDINGS INC,Industrials,0.0
ARCB,ARCBEST CORP,Industrials,0.0
NHC,NATIONAL HEALTHCARE CORP,Health Care,0.0
BATRK,ATLANTA BRAVES HOLDINGS INC SERIES,Communication,0.0
IMVT,IMMUNOVANT INC,Health Care,0.0
PENN,PENN ENTERTAINMENT INC,Consumer Discretionary,0.0
BCRX,BIOCRYST PHARMACEUTICALS INC,Health Care,0.0
PENG,PENGUIN SOLUTIONS INC,Information Technology,0.0
ABM,ABM INDUSTRIES INC,Industrials,0.0
IMNM,IMMUNOME INC,Health Care,0.0
FCPT,FOUR CORNERS PROPERTY INC TRUST,Real Estate,0.0
SBCF,SEACOAST BANKING OF FLORIDA,Financials,0.0
SUPN,SUPERNUS PHARMACEUTICALS INC,Health Care,0.0
MTX,MINERALS TECHNOLOGIES INC,Materials,0.0
CWT,CALIFORNIA WATER SERVICE GROUP,Utilities,0.0
ARQT,ARCUTIS BIOTHERAPEUTICS INC,Health Care,0.0
GPOR,GULFPORT ENERGY CORP,Energy,0.0
FRHC,FREEDOM HOLDING CORP,Financials,0.0
ACHC,ACADIA HEALTHCARE COMPANY INC,Health Care,0.0
AKR,ACADIA REALTY TRUST REIT,Real Estate,0.0
WAFD,WAFD INC,Financials,0.0
RARE,ULTRAGENYX PHARMACEUTICAL INC,Health Care,0.0
PRVA,PRIVIA HEALTH GROUP INC,Health Care,0.0
AMSC,AMERICAN SUPERCONDUCTOR CORP,Industrials,0.0
UE,URBAN EDGE PROPERTIES,Real Estate,0.0
HUBG,HUB GROUP INC CLASS A,Industrials,0.0
DBRG,DIGITALBRIDGE GROUP INC CLASS A,Financials,0.0
NMRK,NEWMARK GROUP INC CLASS A,Real Estate,0.0
RRR,RED ROCK RESORTS ORS CLASS A INC,Consumer Discretionary,0.0
CURB,CURBLINE PROPERTIES,Real Estate,0.0
CAKE,CHEESECAKE FACTORY INC,Consumer Discretionary,0.0
LINE,LINEAGE INC,Real Estate,0.0
DNOW,DNOW INC,Industrials,0.0
NTCT,NETSCOUT SYSTEMS INC,Information Technology,0.0
HUN,HUNTSMAN CORP,Materials,0.0
KNTK,KINETIK HOLDINGS INC CLASS A,Energy,0.0
BANF,BANCFIRST CORP,Financials,0.0
SPB,SPECTRUM BRANDS HOLDINGS INC,Consumer Staples,0.0
TENB,TENABLE HOLDINGS INC,Information Technology,0.0
PK,PARK HOTELS RESORTS INC,Real Estate,0.0
NSIT,INSIGHT ENTERPRISES INC,Information Technology,0.0
IBRX,IMMUNITYBIO INC,Health Care,0.0
TXG,10X GENOMICS INC CLASS A,Health Care,0.0
ATEN,A10 NETWORKS INC,Information Technology,0.0
CSGS,CSG SYSTEMS INTERNATIONAL INC,Industrials,0.0
PLUS,EPLUS,Information Technology,0.0
CXW,CORECIVIC REIT INC,Industrials,0.0
BANR,BANNER CORP,Financials,0.0
SMG,SCOTTS MIRACLE GRO,Materials,0.0
IDYA,IDEAYA BIOSCIENCES INC,Health Care,0.0
TARS,TARSUS PHARMACEUTICALS INC,Health Care,0.0
OSW,ONESPAWORLD HOLDINGS LTD,Consumer Discretionary,0.0
RSI,RUSH STREET INTERACTIVE INC CLASS,Consumer Discretionary,0.0
LION,LIONSGATE STUDIOS CORP,Communication,0.0
CAR,AVIS BUDGET GROUP INC,Industrials,0.0
CACC,CREDIT ACCEPTANCE CORP,Financials,0.0
CCC,CCC INTELLIGENT SOLUTIONS HOLDINGS,Information Technology,0.0
ATRO,ASTRONICS CORP,Industrials,0.0
UPST,UPSTART HOLDINGS INC,Financials,0.0
HLIO,HELIOS TECHNOLOGIES INC,Industrials,0.0
DFTX,DEFINIUM THERAPEUTICS INC,Health Care,0.0
BANC,BANC OF CALIFORNIA INC,Financials,0.0
AUPH,AURINIA PHARMACEUTICALS INC,Health Care,0.0
SHAK,SHAKE SHACK INC CLASS A,Consumer Discretionary,0.0
GOLF,ACUSHNET HOLDINGS CORP,Consumer Discretionary,0.0
DCO,DUCOMMUN INC,Industrials,0.0
AAMI,ACADIAN ASSET MANAGEMENT INC,Financials,0.0
LINC,LINCOLN EDUCATIONAL SERVICES CORP,Consumer Discretionary,0.0
WHR,WHIRLPOOL CORP,Consumer Discretionary,0.0
PRK,PARK NATIONAL CORP,Financials,0.0
DRH,DIAMONDROCK HOSPITALITY,Real Estate,0.0
AMRX,AMNEAL PHARMACEUTICALS INC CLASS A,Health Care,0.0
NWN,NORTHWEST NATURAL HOLDING COMPANY,Utilities,0.0
VRRM,VERRA MOBILITY CORP CLASS A,Industrials,0.0
QUBT,QUANTUM COMPUTING INC,Information Technology,0.0
FRPT,FRESHPET INC,Consumer Staples,0.0
HE,HAWAIIAN ELECTRIC INDUSTRIES INC,Utilities,0.0
CALX,CALIX NETWORKS INC,Information Technology,0.0
CALY,CALLAWAY GOLF COMPANY,Consumer Discretionary,0.0
BUSE,FIRST BUSEY CORP,Financials,0.0
SMMT,SUMMIT THERAPEUTICS INC,Health Care,0.0
THR,THERMON GROUP HOLDINGS INC,Industrials,0.0
WK,WORKIVA INC CLASS A,Information Technology,0.0
MZTI,MARZETTI,Consumer Staples,0.0
CNS,COHEN & STEERS INC,Financials,0.0
IRON,DISC MEDICINE INC,Health Care,0.0
VERA,VERA THERAPEUTICS INC CLASS A,Health Care,0.0
WU,WESTERN UNION,Financials,0.0
GPGI,GPGI INC CLASS A,Information Technology,0.0
BLX,BANCO LATINOAMERICANO DE COMERCIO,Financials,0.0
AMPX,AMPRIUS TECHNOLOGIES INC,Industrials,0.0
TBBK,BANCORP INC,Financials,0.0
HNI,HNI CORP,Industrials,0.0
IVT,INVENTRUST PROPERTIES CORP,Real Estate,0.0
CLMT,CALUMET INC,Energy,0.0
NOG,NORTHERN OIL AND GAS INC,Energy,0.0
FRME,FIRST MERCHANTS CORP,Financials,0.0
WERN,WERNER ENTERPRISES INC,Industrials,0.0
DGII,DIGI INTERNATIONAL INC,Information Technology,0.0
TMDX,TRANSMEDICS GROUP INC,Health Care,0.0
KOD,KODIAK SCIENCES INC,Health Care,0.0
SHO,SUNSTONE HOTEL INVESTORS REIT INC,Real Estate,0.0
DHT,DHT HOLDINGS INC,Energy,0.0
ADPT,ADAPTIVE BIOTECHNOLOGIES CORP,Health Care,0.0
APAM,ARTISAN PARTNERS ASSET MANAGEMENT,Financials,0.0
BBT,BEACON FINANCIAL CORP,Financials,0.0
XRAY,DENTSPLY SIRONA INC,Health Care,0.0
FWONA,LIBERTY MEDIA FORMULA ONE SERIES A,Communication,0.0
UTI,UNIVERSAL TECHNICAL INSTITUTE INC,Consumer Discretionary,0.0
RLAY,RELAY THERAPEUTICS INC,Health Care,0.0
ADNT,ADIENT PLC,Consumer Discretionary,0.0
ADMA,ADMA BIOLOGICS INC,Health Care,0.0
TALO,TALOS ENERGY INC,Energy,0.0
EFSC,ENTERPRISE FINANCIAL SERVICES CORP,Financials,0.0
ICHR,ICHOR HOLDINGS LTD,Information Technology,0.0
WAY,WAYSTAR HOLDING CORP,Health Care,0.0
COHU,COHU INC,Information Technology,0.0
EPAC,ENERPAC TOOL GROUP CORP CLASS A,Industrials,0.0
AMR,ALPHA METALLURGICAL RESOURCE INC,Materials,0.0
RH,RH,Consumer Discretionary,0.0
CUBI,CUSTOMERS BANCORP INC,Financials,0.0
VAC,MARRIOTT VACATIONS WORLDWIDE CORP,Consumer Discretionary,0.0
FBK,FB FINANCIAL CORP,Financials,0.0
SYBT,STOCK YARDS BANCORP INC,Financials,0.0
ZD,ZIFF DAVIS INC,Communication,0.0
NBTB,NBT BANCORP INC,Financials,0.0
PTON,PELOTON INTERACTIVE CLASS A INC,Consumer Discretionary,0.0
CPRI,CAPRI HOLDINGS LTD,Consumer Discretionary,0.0
CXT,CRANE NXT,Information Technology,0.0
GRAL,GRAIL INC,Health Care,0.0
GRBK,GREEN BRICK PARTNERS INC,Consumer Discretionary,0.0
LBTYK,LIBERTY GLOBAL LTD CLASS C,Communication,0.0
NWBI,NORTHWEST BANCSHARES INC,Financials,0.0
RCUS,ARCUS BIOSCIENCES INC,Health Care,0.0
CENTA,CENTRAL GARDEN AND PET CLASS A,Consumer Staples,0.0
LBTYA,LIBERTY GLOBAL LTD CLASS A,Communication,0.0
IOSP,INNOSPEC INC,Materials,0.0
ELVN,ENLIVEN THERAPEUTICS INC,Health Care,0.0
NTST,NETSTREIT CORP,Real Estate,0.0
ALRM,ALARM.COM HOLDINGS INC,Information Technology,0.0
ECPG,ENCORE CAPITAL GROUP INC,Financials,0.0
BWIN,BALDWIN INSURANCE GROUP INC CLASS,Financials,0.0
CWK,CUSHMAN AND WAKEFIELD LTD,Real Estate,0.0
PRLB,PROTO LABS INC,Industrials,0.0
BULL,WEBULL CORP CLASS A,Financials,0.0
DEI,DOUGLAS EMMETT REIT INC,Real Estate,0.0
DHC,DIVERSIFIED HEALTHCARE TRUST,Real Estate,0.0
WD,WALKER & DUNLOP INC,Financials,0.0
XHR,XENIA HOTELS RESORTS REIT INC,Real Estate,0.0
KWR,QUAKER HOUGHTON CORP,Materials,0.0
AIN,ALBANY INTERNATIONAL CORP CLASS A,Industrials,0.0
HTH,HILLTOP HOLDINGS INC,Financials,0.0
GNL,GLOBAL NET LEASE INC,Real Estate,0.0
OMCL,OMNICELL INC,Health Care,0.0
HHH,HOWARD HUGHES HOLDINGS INC,Real Estate,0.0
MD,PEDIATRIX MEDICAL GROUP INC,Health Care,0.0
NEOG,NEOGEN CORP,Health Care,0.0
PGNY,PROGYNY INC,Health Care,0.0
TNK,TEEKAY TANKERS LTD CLASS A,Energy,0.0
CASH,PATHWARD FINANCIAL INC,Financials,0.0
OUST,OUSTER INC,Information Technology,0.0
CTS,CTS CORP,Information Technology,0.0
ASTH,ASTRANA HEALTH INC,Health Care,0.0
STEL,STELLAR BANCORP INC,Financials,0.0
SPSC,SPS COMMERCE INC,Information Technology,0.0
ZG,ZILLOW GROUP INC CLASS A,Real Estate,0.0
HMN,HORACE MANN EDUCATORS CORP,Financials,0.0
PEB,PEBBLEBROOK HOTEL TRUST REIT,Real Estate,0.0
NVCR,NOVOCURE LTD,Health Care,0.0
WKC,WORLD KINECT CORP,Energy,0.0
KMPR,KEMPER CORP,Financials,0.0
LLYVA,LIBERTY LIVE HOLDINGS INC SERIES A,Consumer Discretionary,0.0
HURN,HURON CONSULTING GROUP INC,Industrials,0.0
AIP,ARTERIS INC,Information Technology,0.0
BBAI,BIGBEAR.AI HOLDINGS INC,Information Technology,0.0
FLYW,FLYWIRE CORP,Financials,0.0
ERAS,ERASCA INC,Health Care,0.0
NN,NEXTNAV INC,Information Technology,0.0
DBD,DIEBOLD NIXDORF INC,Information Technology,0.0
FUN,SIX FLAGS ENTERTAINMENT CORP,Consumer Discretionary,0.0
AMBQ,AMBIQ MICRO INC,Information Technology,0.0
RAMP,LIVERAMP HOLDINGS INC,Information Technology,0.0
WLY,JOHN WILEY AND SONS INC CLASS A,Communication,0.0
COLM,COLUMBIA SPORTSWEAR,Consumer Discretionary,0.0
OFG,OFG BANCORP,Financials,0.0
SONO,SONOS INC,Consumer Discretionary,0.0
VCEL,VERICEL CORP,Health Care,0.0
LMAT,LEMAITRE VASCULAR INC,Health Care,0.0
AGIO,AGIOS PHARMACEUTICALS INC,Health Care,0.0
SGHC,SUPER GROUP LTD,Consumer Discretionary,0.0
SRPT,SAREPTA THERAPEUTICS INC,Health Care,0.0
NWL,NEWELL BRANDS INC,Consumer Discretionary,0.0
STRA,STRATEGIC EDUCATION INC,Consumer Discretionary,0.0
ARR,ARMOUR RESIDENTIAL REIT INC,Financials,0.0
BIRK,BIRKENSTOCK HOLDING PLC,Consumer Discretionary,0.0
STC,STEWART INFO SERVICES CORP,Financials,0.0
VVX,V2X INC,Industrials,0.0
CHCO,CITY HOLDING,Financials,0.0
GHM,GRAHAM CORP,Industrials,0.0
VRE,VERIS RESIDENTIAL INC,Real Estate,0.0
TSHA,TAYSHA GENE THERAPIES INC,Health Care,0.0
SMA,SMARTSTOP SELF STORAGE REIT INC,Real Estate,0.0
PAGS,PAGSEGURO DIGITAL LTD CLASS A,Financials,0.0
VSTS,VESTIS CORP,Industrials,0.0
ANAB,ANAPTYSBIO INC,Health Care,0.0
TTI,TETRA TECHNOLOGIES INC,Energy,0.0
NWPX,NWPX INFRASTRUCTURE INC,Industrials,0.0
ARI,APOLLO COMMERCIAL REAL ESTATE FINA,Financials,0.0
EFC,ELLINGTON FINANCIAL INC,Financials,0.0
EVTC,EVERTEC INC,Financials,0.0
SILA,SILA RLTY TR INC TRUST,Real Estate,0.0
QCRH,QCR HOLDINGS INC,Financials,0.0
NVRI,ENVIRI CORP,Industrials,0.0
BRZE,BRAZE INC CLASS A,Information Technology,0.0
GABC,GERMAN AMERICAN BANCORP INC,Financials,0.0
REX,REX AMERICAN RESOURCES CORP,Energy,0.0
IPAR,INTERPARFUMS INC,Consumer Staples,0.0
FRSH,FRESHWORKS INC CLASS A,Information Technology,0.0
CRVL,CORVEL CORP,Health Care,0.0
FCF,FIRST COMMONWEALTH FINANCIAL CORP,Financials,0.0
AXGN,AXOGEN INC,Health Care,0.0
LZB,LA-Z-BOY INC,Consumer Discretionary,0.0
SFL,SFL LTD,Energy,0.0
GT,GOODYEAR TIRE & RUBBER,Consumer Discretionary,0.0
MGNI,MAGNITE INC,Communication,0.0
HCSG,HEALTHCARE SERVICES GROUP INC,Industrials,0.0
SEM,SELECT MEDICAL HOLDINGS CORP,Health Care,0.0
NRIX,NURIX THERAPEUTICS INC,Health Care,0.0
NCNO,NCINO INC,Information Technology,0.0
AGM,FEDERAL AGRICULTURAL MORTGAGE NON,Financials,0.0
HTO,H2O AMERICA,Utilities,0.0
UFPT,UFP TECHNOLOGIES INC,Health Care,0.0
SOC,SABLE OFFSHORE CORP CLASS A,Energy,0.0
PACS,PACS GROUP INC,Health Care,0.0
BAND,BANDWIDTH INC CLASS A,Communication,0.0
SAM,BOSTON BEER INC CLASS A,Consumer Staples,0.0
SNDR,SCHNEIDER NATIONAL INC CLASS B,Industrials,0.0
NESR,NATIONAL ENERGY SERVICES REUNITED,Energy,0.0
ANIP,ANI PHARMACEUTICALS INC,Health Care,0.0
YELP,YELP INC,Communication,0.0
VOYG,VOYAGER TECHNOLOGIES INC CLASS A,Industrials,0.0
IIPR,INNOVATIVE INDUSTRIAL PROPERTIES I,Real Estate,0.0
HLIT,HARMONIC INC,Information Technology,0.0
INVA,INNOVIVA INC,Health Care,0.0
WOR,WORTHINGTON ENTERPRISES INC,Industrials,0.0
STOK,STOKE THERAPEUTICS INC,Health Care,0.0
BFC,BANK FIRST CORP,Financials,0.0
MCRI,MONARCH CASINO AND RESORT INC,Consumer Discretionary,0.0
UNIT,UNITI GROUP INC,Communication,0.0
FMC,FMC CORP,Materials,0.0
ADUS,ADDUS HOMECARE CORP,Health Care,0.0
RLJ,RLJ LODGING TRUST REIT,Real Estate,0.0
GBX,GREENBRIER INC,Industrials,0.0
DXPE,DXP ENTERPRISES INC,Industrials,0.0
WTTR,SELECT WATER SOLUTIONS INC CLASS A,Energy,0.0
OCUL,OCULAR THERAPEUTIX INC,Health Care,0.0
GEF,GREIF INC CLASS A,Materials,0.0
SNDX,SYNDAX PHARMACEUTICALS INC,Health Care,0.0
NPKI,NPK INTERNATIONAL INC,Industrials,0.0
CBL,CBL ASSOCIATES PROPERTIES INC,Real Estate,0.0
AGYS,AGILYSYS INC,Information Technology,0.0
WABC,WESTAMERICA BANCORPORATION,Financials,0.0
FIVN,FIVE9 INC,Information Technology,0.0
IE,IVANHOE ELECTRIC INC,Materials,0.0
DDS,DILLARDS INC CLASS A,Consumer Discretionary,0.0
CNOB,CONNECTONE BANCORP INC,Financials,0.0
PRGO,PERRIGO PLC,Health Care,0.0
SMR,NUSCALE POWER CORP CLASS A,Industrials,0.0
NNI,NELNET INC CLASS A,Financials,0.0
XPRO,EXPRO GROUP HOLDINGS NV,Energy,0.0
TILE,INTERFACE INC,Industrials,0.0
DCH,DAUCH CORPORATION,Consumer Discretionary,0.0
CMPR,CIMPRESS PLC,Industrials,0.0
TIC,TIC SOLUTIONS INC,Industrials,0.0
WEN,WENDYS,Consumer Discretionary,0.0
TRS,TRIMAS CORP,Materials,0.0
MQ,MARQETA INC CLASS A,Financials,0.0
LC,LENDINGCLUB CORP,Financials,0.0
DXC,DXC TECHNOLOGY,Information Technology,0.0
SHLS,SHOALS TECHNOLOGIES GROUP INC CLAS,Industrials,0.0
OI,O I GLASS INC,Materials,0.0
PDFS,PDF SOLUTIONS INC,Information Technology,0.0
CAPR,CAPRICOR THERAPEUTICS INC,Health Care,0.0
STBA,S AND T BANCORP INC,Financials,0.0
CBZ,CBIZ INC,Industrials,0.0
GTY,GETTY REALTY REIT CORP,Real Estate,0.0
SPNT,SIRIUSPOINT LTD,Financials,0.0
NSSC,NAPCO SECURITY TECHNOLOGIES INC,Information Technology,0.0
DJT,TRUMP MEDIA TECHNOLOGY GROUP CORP,Communication,0.0
LPG,DORIAN LPG LTD,Energy,0.0
LTC,LTC PROPERTIES REIT INC,Real Estate,0.0
TNC,TENNANT,Industrials,0.0
FLO,FLOWERS FOODS INC,Consumer Staples,0.0
BFA,BROWN FORMAN CORP CLASS A,Consumer Staples,0.0
BORR,BORR DRILLING LTD,Energy,0.0
NVAX,NOVAVAX INC,Health Care,0.0
JBLU,JETBLUE AIRWAYS CORP,Industrials,0.0
CLOV,CLOVER HEALTH INVESTMENTS CORP CLA,Health Care,0.0
HCI,HCI GROUP INC,Financials,0.0
AVPT,AVEPOINT INC CLASS A,Information Technology,0.0
ECVT,ECOVYST INC,Materials,0.0
FIGR,FIGURE TECHNOLOGY SOLUTIONS INC CL,Financials,0.0
ORC,ORCHID ISLAND CAPITAL INC,Financials,0.0
SKWD,SKYWARD SPECIALTY INSURANCE GROUP,Financials,0.0
USLM,UNITED STATES LIME AND MINERALS IN,Materials,0.0
BL,BLACKLINE INC,Information Technology,0.0
STAA,STAAR SURGICAL,Health Care,0.0
CCS,CENTURY COMMUNITIES INC,Consumer Discretionary,0.0
ALMS,ALUMIS INC,Health Care,0.0
TFIN,TRIUMPH FINANCIAL INC,Financials,0.0
WLDN,WILLDAN GROUP INC,Industrials,0.0
BLSH,BULLISH,Financials,0.0
KOS,KOSMOS ENERGY LTD,Energy,0.0
HLF,HERBALIFE LTD,Consumer Staples,0.0
JBIO,JADE BIOSCIENCES INC,Health Care,0.0
TRVI,TREVI THERAPEUTICS INC,Health Care,0.0
ALG,ALAMO GROUP INC,Industrials,0.0
LFST,LIFESTANCE HEALTH GROUP INC,Health Care,0.0
HLX,HELIX ENERGY SOLUTIONS GROUP INC,Energy,0.0
UVE,UNIVERSAL INSURANCE HOLDINGS INC,Financials,0.0
IMKTA,INGLES MARKETS INC CLASS A,Consumer Staples,0.0
PRKS,UNITED PARKS AND RESORTS INC,Consumer Discretionary,0.0
TPB,TURNING POINT BRANDS INC,Consumer Staples,0.0
ACT,ENACT HOLDINGS INC,Financials,0.0
SLVM,SYLVAMO CORP,Materials,0.0
TCBK,TRICO BANCSHARES,Financials,0.0
CAI,CARIS LIFE SCIENCES INC,Health Care,0.0
ENOV,ENOVIS CORP,Health Care,0.0
PRG,PROG HOLDINGS INC,Financials,0.0
SEZL,SEZZLE INC,Financials,0.0
GLOB,GLOBANT SA,Information Technology,0.0
ARDX,ARDELYX INC,Health Care,0.0
UVV,UNIVERSAL CORP,Consumer Staples,0.0
GRC,GORMAN-RUPP,Industrials,0.0
SLDE,SLIDE INSURANCE HOLDINGS INC,Financials,0.0
HRMY,HARMONY BIOSCIENCES HLDG INC,Health Care,0.0
ARRY,ARRAY TECHNOLOGIES INC,Industrials,0.0
PRCT,PROCEPT BIOROBOTICS CORP,Health Care,0.0
PAYO,PAYONEER GLOBAL INC,Financials,0.0
BLKB,BLACKBAUD INC,Information Technology,0.0
KSS,KOHLS CORP,Consumer Discretionary,0.0
WWW,WOLVERINE WORLD WIDE INC,Consumer Discretionary,0.0
HOPE,HOPE BANCORP INC,Financials,0.0
RYZ,RYERSON HOLDING CORP,Materials,0.0
SFD,SMITHFIELD FOODS INC,Consumer Staples,0.0
CRVS,CORVUS PHARMACEUTICALS INC,Health Care,0.0
EYE,NATIONAL VISION HOLDINGS INC,Consumer Discretionary,0.0
SEB,SEABOARD CORP,Consumer Staples,0.0
HLMN,HILLMAN SOLUTIONS CORP,Industrials,0.0
KW,KENNEDY WILSON HOLDINGS INC,Real Estate,0.0
AMLX,AMYLYX PHARMACEUTICALS INC,Health Care,0.0
ZYME,ZYMEWORKS INC,Health Care,0.0
MIAX,MIAMI INTERNATIONAL HOLDINGS INC,Financials,0.0
AESI,ATLAS ENERGY SOLUTIONS INC,Energy,0.0
LEG,LEGGETT & PLATT INC,Consumer Discretionary,0.0
GPRE,GREEN PLAINS INC,Energy,0.0
LKFN,LAKELAND FINANCIAL CORP,Financials,0.0
DCOM,DIME COMMUNITY BANCSHARES INC,Financials,0.0
FLNC,FLUENCE ENERGY INC CLASS A,Industrials,0.0
FTRE,FORTREA HOLDINGS INC,Health Care,0.0
SBH,SALLY BEAUTY HOLDINGS INC,Consumer Discretionary,0.0
BKSY,BLACKSKY TECHNOLOGY INC CLASS A,Industrials,0.0
SKYT,SKYWATER TECHNOLOGY INC,Information Technology,0.0
TNET,TRINET GROUP INCINARY,Industrials,0.0
PUMP,PROPETRO HOLDING CORP,Energy,0.0
NTLA,INTELLIA THERAPEUTICS INC,Health Care,0.0
CRI,CARTERS INC,Consumer Discretionary,0.0
LILAK,LIBERTY LATIN AMERICA LTD CLASS C,Communication,0.0
GIII,G III APPAREL GROUP LTD,Consumer Discretionary,0.0
WMK,WEIS MARKETS INC,Consumer Staples,0.0
DV,DOUBLEVERIFY HOLDINGS INC,Communication,0.0
BRBR,BELLRING BRANDS INC,Consumer Staples,0.0
ENR,ENERGIZER HOLDINGS INC,Consumer Staples,0.0
TE,T1 ENERGY INC,Information Technology,0.0
NBHC,NATIONAL BANK HOLDINGS CORP CLASS,Financials,0.0
BKE,BUCKLE INC,Consumer Discretionary,0.0
PLGO,PELAGOS INSURANCE CAPITAL LTD,Financials,0.0
CRK,COMSTOCK RESOURCES INC,Energy,0.0
LNN,LINDSAY CORP,Industrials,0.0
NUVB,NUVATION BIO INC CLASS A,Health Care,0.0
GTM,ZOOMINFO TECHNOLOGIES INC,Communication,0.0
VRDN,VIRIDIAN THERAPEUTICS ORS INC,Health Care,0.0
VPG,VISHAY PRECISION GROUP INC,Information Technology,0.0
RDW,REDWIRE CORP,Industrials,0.0
INSP,INSPIRE MEDICAL SYSTEMS INC,Health Care,0.0
PRA,PROASSURANCE CORP,Financials,0.0
ATRC,ATRICURE INC,Health Care,0.0
OBK,ORIGIN BANCORP INC,Financials,0.0
FDP,FRESH DEL MONTE PRODUCE INC,Consumer Staples,0.0
IMAX,IMAX CORP,Communication,0.0
PEBO,PEOPLES BANCORP INC,Financials,0.0
HG,HAMILTON INSURANCE GROUP LTD CLASS,Financials,0.0
CSR,CENTERSPACE,Real Estate,0.0
COLL,COLLEGIUM PHARMACEUTICAL INC,Health Care,0.0
WS,WORTHINGTON STEEL INC,Materials,0.0
BRSL,BRIGHTSTAR LOTTERY PLC,Consumer Discretionary,0.0
GBTG,GLOBAL BUSINESS TRAVEL GROUP INC C,Consumer Discretionary,0.0
BTDR,BITDEER TECHNOLOGIES GROUP CLASS A,Information Technology,0.0
MAN,MANPOWER INC,Industrials,0.0
ROCK,GIBRALTAR INDUSTRIES INC,Industrials,0.0
REYN,REYNOLDS CONSUMER PRODUCTS INC,Consumer Staples,0.0
SCL,STEPAN,Materials,0.0
MLKN,MILLERKNOLL INC,Industrials,0.0
PRGS,PROGRESS SOFTWARE CORP,Information Technology,0.0
MPLT,MAPLIGHT THERAPEUTICS INC,Health Care,0.0
CNXC,CONCENTRIX CORP,Industrials,0.0
FMNB,FARMERS NATIONAL BANC CORP,Financials,0.0
SBSI,SOUTHSIDE BANCSHARES INC,Financials,0.0
PNTG,PENNANT GROUP INC,Health Care,0.0
PLPC,PREFORMED LINE PRODUCTS,Industrials,0.0
VYX,NCR VOYIX CORP,Information Technology,0.0
INTA,INTAPP INC,Information Technology,0.0
KOPN,KOPIN CORP,Information Technology,0.0
ALKT,ALKAMI TECHNOLOGY INC,Information Technology,0.0
TDOC,TELADOC HEALTH INC,Health Care,0.0
LOB,LIVE OAK BANCSHARES INC,Financials,0.0
ODC,OIL DRI CORPORATION OF AMERICA,Consumer Staples,0.0
CMRE,COSTAMARE INC,Industrials,0.0
WSR,WHITESTONE REIT,Real Estate,0.0
CLVT,CLARIVATE PLC,Industrials,0.0
CFFN,CAPITOL FEDERAL FINANCIAL INC,Financials,0.0
TWO,TWO HARBORS INVESTMENT CORP,Financials,0.0
AVNS,AVANOS MEDICAL INC,Health Care,0.0
TROX,TRONOX HOLDINGS PLC,Materials,0.0
JJSF,J AND J SNACK FOODS CORP,Consumer Staples,0.0
XERS,XERIS BIOPHARMA HOLDINGS INC,Health Care,0.0
AMN,AMN HEALTHCARE INC,Health Care,0.0
FA,FIRST ADVANTAGE CORP,Industrials,0.0
ASTE,ASTEC INDUSTRIES INC,Industrials,0.0
RXRX,RECURSION PHARMACEUTICALS INC CLAS,Health Care,0.0
ALH,ALLIANCE LAUNDRY HOLDINGS INC,Industrials,0.0
ADTN,ADTRAN HOLDINGS INC,Information Technology,0.0
UFCS,UNITED FIRE GROUP INC,Financials,0.0
URGN,UROGEN PHARMA LTD,Health Care,0.0
MLYS,MINERALYS THERAPEUTICS INC,Health Care,0.0
FMBH,FIRST MID BANCSHARES INC,Financials,0.0
TK,TEEKAY CORPORATION CORP LTD,Energy,0.0
EYPT,EYEPOINT INC,Health Care,0.0
PPC,PILGRIMS PRIDE CORP,Consumer Staples,0.0
ICFI,ICF INTERNATIONAL INC,Industrials,0.0
IART,INTEGRA LIFESCIENCES HOLDINGS CORP,Health Care,0.0
PRCH,PORCH GROUP INC,Information Technology,0.0
PWP,PERELLA WEINBERG PARTNERS CLASS A,Financials,0.0
SENEA,SENECA FOODS CORP CLASS A,Consumer Staples,0.0
SRCE,1ST SOURCE CORP,Financials,0.0
NAT,NORDIC AMERICAN TANKERS LTD,Energy,0.0
PZZA,PAPA JOHNS INTERNATIONAL INC,Consumer Discretionary,0.0
LXU,LSB INDUSTRIES INC,Materials,0.0
SCSC,SCANSOURCE INC,Information Technology,0.0
RAPP,RAPPORT THERAPEUTICS INC,Health Care,0.0
MFA,MFA FINANCIAL INC,Financials,0.0
NEO,NEOGENOMICS INC,Health Care,0.0
ASST,STRIVE INC CLASS A,Health Care,0.0
FIGS,FIGS INC CLASS A,Consumer Discretionary,0.0
SGRY,SURGERY PARTNERS INC,Health Care,0.0
SLS,SELLAS LIFE SCIENCES GROUP INC,Health Care,0.0
UPBD,UPBOUND GROUP INC,Consumer Discretionary,0.0
PCT,PURECYCLE TECHNOLOGIES INC,Materials,0.0
MBX,MBX BIOSCIENCES INC,Health Care,0.0
TMP,TOMPKINS FINANCIAL CORP,Financials,0.0
LADR,LADDER CAPITAL CORP CLASS A,Financials,0.0
ENVX,ENOVIX CORP,Industrials,0.0
CNMD,CONMED CORP,Health Care,0.0
OMER,OMEROS CORP,Health Care,0.0
COUR,COURSERA INC,Consumer Discretionary,0.0
ETON,ETON PHARMACEUTCIALS INC,Health Care,0.0
ARLO,ARLO TECHNOLOGIES INC,Information Technology,0.0
DOLE,DOLE PLC,Consumer Staples,0.0
NSP,INSPERITY INC,Industrials,0.0
TALK,TALKSPACE INC,Health Care,0.0
PDM,PIEDMONT REALTY TRUST INC CLASS A,Real Estate,0.0
EPC,EDGEWELL PERSONAL CARE,Consumer Staples,0.0
ALGT,ALLEGIANT TRAVEL,Industrials,0.0
OCFC,OCEANFIRST FINANCIAL CORP,Financials,0.0
XPEL,XPEL INC,Consumer Discretionary,0.0
PCRX,PACIRA BIOSCIENCES INC,Health Care,0.0
INVX,INNOVEX INTERNATIONAL INC,Energy,0.0
IDT,IDT CORP CLASS B,Communication,0.0
DAKT,DAKTRONICS INC,Information Technology,0.0
WINA,WINMARK CORP,Consumer Discretionary,0.0
CGEM,CULLINAN THERAPEUTICS INC,Health Care,0.0
LGIH,LGI HOMES INC,Consumer Discretionary,0.0
UVSP,UNIVEST FINANCIAL CORP,Financials,0.0
CMP,COMPASS MINERALS INTERNATIONAL INC,Materials,0.0
MSEX,MIDDLESEX WATER,Utilities,0.0
GLUE,MONTE ROSA THERAPEUTICS INC,Health Care,0.0
SCHL,SCHOLASTIC CORP,Communication,0.0
NEXT,NEXTDECADE CORP,Energy,0.0
CIM,CHIMERA INVESTMENT CORP,Financials,0.0
CPF,CENTRAL PACIFIC FINANCIAL CORP,Financials,0.0
AOSL,ALPHA AND OMEGA SEMICONDUCTOR LTD,Information Technology,0.0
CDNA,CAREDX INC,Health Care,0.0
TRIP,TRIPADVISOR INC,Communication,0.0
IDR,IDAHO STRATEGIC RESOURCES INC,Materials,0.0
JBGS,JBG SMITH PROPERTIES,Real Estate,0.0
SAFT,SAFETY INSURANCE GROUP INC,Financials,0.0
MNKD,MANNKIND CORP,Health Care,0.0
SMBK,SMARTFINANCIAL INC,Financials,0.0
THRM,GENTHERM INC,Consumer Discretionary,0.0
VTOL,BRISTOW GROUP INC,Energy,0.0
AAT,AMERICAN ASSETS TRUST REIT INC,Real Estate,0.0
UA,UNDER ARMOUR INC CLASS C,Consumer Discretionary,0.0
UPWK,UPWORK INC,Industrials,0.0
RCAT,RED CAT HOLDINGS INC,Industrials,0.0
SMPL,THE SIMPLY GOOD FOODS COMPANY,Consumer Staples,0.0
TBPH,THERAVANCE BIOPHARMA INC,Health Care,0.0
UAA,UNDER ARMOUR INC CLASS A,Consumer Discretionary,0.0
TRST,TRUSTCO BANK CORP,Financials,0.0
AI,C3 AI INC CLASS A,Information Technology,0.0
SAH,SONIC AUTOMOTIVE INC CLASS A,Consumer Discretionary,0.0
CVI,CVR ENERGY INC,Energy,0.0
REAL,THE REALREAL INC,Consumer Discretionary,0.0
FLY,FIREFLY AEROSPACE INC,Industrials,0.0
LENB,LENNAR CORP CLASS B,Consumer Discretionary,0.0
PMT,PENNYMAC MORTGAGE INVESTMENT TRUST,Financials,0.0
ASC,ARDMORE SHIPPING CORP,Energy,0.0
DLX,DELUXE CORP,Industrials,0.0
ATEC,ALPHATEC HOLDNGS INC,Health Care,0.0
PGEN,PRECIGEN INC,Health Care,0.0
VRTS,VIRTUS INVESTMENT PARTNERS INC,Financials,0.0
CTBI,COMMUNITY TRUST BANCORP INC,Financials,0.0
HTB,HOMETRUST BANCSHARES INC,Financials,0.0
WLFC,WILLIS LEASE FINANCE CORP,Industrials,0.0
DFIN,DONNELLEY FINANCIAL SOLUTIONS INC,Financials,0.0
FG,F&G ANNUITIES AND LIFE INC,Financials,0.0
BJRI,BJS RESTAURANTS INC,Consumer Discretionary,0.0
APOG,APOGEE ENTERPRISES INC,Industrials,0.0
GENI,GENIUS SPORTS LTD,Consumer Discretionary,0.0
OSBC,OLD SECOND BANCORP INC,Financials,0.0
APEI,AMERICAN PUBLIC EDUCATION INC,Consumer Discretionary,0.0
PLOW,DOUGLAS DYNAMICS INC,Industrials,0.0
MCHB,MECHANICS BANCORP CLASS A,Financials,0.0
BHRB,BURKE HERBERT FINANCIAL SERVICES C,Financials,0.0
CODI,COMPASS DIVERSIFIED,Financials,0.0
MBWM,MERCANTILE BANK CORP,Financials,0.0
HAFC,HANMI FINANCIAL CORP,Financials,0.0
CRAI,CRA INTERNATIONAL INC,Industrials,0.0
VERX,VERTEX INC CLASS A,Information Technology,0.0
CVLG,COVENANT LOGISTICS GROUP INC CLASS,Industrials,0.0
UMH,UMH PROPERTIES INC,Real Estate,0.0
MBC,MASTERBRAND INC,Industrials,0.0
BUR,BURFORD CAPITAL LTD,Financials,0.0
HFWA,HERITAGE FINANCIAL CORP,Financials,0.0
ESQ,ESQUIRE FINANCIAL HOLDINGS INC,Financials,0.0
DEA,EASTERLY GOVERNMENT PROPERTIES INC,Real Estate,0.0
ABR,ARBOR REALTY TRUST REIT INC,Financials,0.0
GCT,GIGACLOUD TECHNOLOGY INC CLASS A,Consumer Discretionary,0.0
RBCAA,REPUBLIC BANCORP INC CLASS A,Financials,0.0
BY,BYLINE BANCORP INC,Financials,0.0
MCBS,METROCITY BANKSHARES INC,Financials,0.0
UAMY,UNITED STATES ANTIMONY CORP,Materials,0.0
MBIN,MERCHANTS BANCORP,Financials,0.0
AORT,ARTIVION INC,Health Care,0.0
IRMD,IRADIMED CORP,Health Care,0.0
TYRA,TYRA BIOSCIENCES INC,Health Care,0.0
LIND,LINDBLAD EXPEDITIONS HOLDINGS INC,Consumer Discretionary,0.0
BRSP,BRIGHTSPIRE CAPITAL INC CLASS A,Financials,0.0
IOVA,IOVANCE BIOTHERAPEUTICS INC,Health Care,0.0
BZH,BEAZER HOMES INC,Consumer Discretionary,0.0
GERN,GERON CORP,Health Care,0.0
NRIM,NORTHRIM BANCORP INC,Financials,0.0
ACVA,ACV AUCTIONS INC CLASS A,Industrials,0.0
FIZZ,NATIONAL BEVERAGE CORP,Consumer Staples,0.0
GNK,GENCO SHIPPING AND TRADING LTD,Industrials,0.0
GSHD,GOOSEHEAD INSURANCE INC CLASS A,Financials,0.0
TNDM,TANDEM DIABETES CARE INC,Health Care,0.0
ORRF,ORRSTOWN FINANCIAL SERVICES INC,Financials,0.0
PVLA,PALVELLA THERAPEUTICS INC,Health Care,0.0
AMRC,AMERESCO INC CLASS A,Industrials,0.0
OLMA,OLEMA PHARMACEUTICALS INC,Health Care,0.0
NPK,NATIONAL PRESTO INDUSTRIES INC,Industrials,0.0
WGO,WINNEBAGO INDUSTRIES INC,Consumer Discretionary,0.0
FLNG,FLEX LNG LTD,Energy,0.0
TGLS,TECNOGLASS INC,Industrials,0.0
NBR,NABORS INDUSTRIES LTD,Energy,0.0
TFSL,TFS FINANCIAL CORP,Financials,0.0
NTGR,NETGEAR INC,Information Technology,0.0
INBX,INHIBRX BIOSCIENCES INC,Health Care,0.0
NX,QUANEX BUILDING PRODUCTS CORP,Industrials,0.0
GLIBK,GCI LIBERTY INC SERIES C,Communication,0.0
PLSE,PULSE BIOSCIENCES INC,Health Care,0.0
KOP,KOPPERS HOLDINGS INC,Materials,0.0
LQDT,LIQUIDITY SERVICES INC,Industrials,0.0
CNNE,CANNAE HOLDINGS INC,Financials,0.0
CRML,CRITICAL METALS CORP,Materials,0.0
CARE,CARTER BANKSHARES INC,Financials,0.0
SVRA,SAVARA INC,Health Care,0.0
MYE,MYERS INDUSTRIES INC,Materials,0.0
FSUN,FIRSTSUN CAPITAL BANCORP,Financials,0.0
ALNT,ALLIENT INC,Industrials,0.0
SWBI,SMITH WESSON BRANDS INC,Consumer Discretionary,0.0
MATW,MATTHEWS INTERNATIONAL CORP CLASS,Consumer Discretionary,0.0
ILPT,INDUSTRIAL LOGISTICS PROPERTIES TR,Real Estate,0.0
COTY,COTY INC CLASS A,Consumer Staples,0.0
PKE,PARK AEROSPACE CORP,Industrials,0.0
CNA,CNA FINANCIAL CORP,Financials,0.0
TRUP,TRUPANION INC,Financials,0.0
AHCO,ADAPTHEALTH CORP,Health Care,0.0
AGL,AGILON HEALTH,Health Care,0.0
ADAM,ADAMAS INC TRUST,Financials,0.0
DRVN,DRIVEN BRANDS HOLDINGS INC,Consumer Discretionary,0.0
CEVA,CEVA INC,Information Technology,0.0
LCID,LUCID GROUP INC,Consumer Discretionary,0.0
RUSHB,RUSH ENTERPRISES INC CLASS B,Industrials,0.0
AVBP,ARRIVENT BIOPHARMA INC,Health Care,0.0
PRSU,PURSUIT ATTRACTIONS AND HOSPITALIT,Consumer Discretionary,0.0
EIG,EMPLOYERS HOLDINGS INC,Financials,0.0
GRDN,GUARDIAN PHARMACY SERVICES INC CLA,Health Care,0.0
SAFE,SAFEHOLD INC,Real Estate,0.0
MCB,METROPOLITAN BANK HOLDING CORP,Financials,0.0
LYTS,LSI INDUSTRIES INC,Industrials,0.0
WVE,WAVE LIFE SCIENCES LTD,Health Care,0.0
TCBX,THIRD COAST BANCSHARES INC,Financials,0.0
MRTN,MARTEN TRANSPORT LTD,Industrials,0.0
USPH,US PHYSICAL THERAPY INC,Health Care,0.0
BHVN,BIOHAVEN LTD,Health Care,0.0
GOLD,GOLD INC,Consumer Discretionary,0.0
LZ,LEGALZOOM COM INC,Industrials,0.0
CDRE,CADRE HOLDINGS INC,Industrials,0.0
ESRT,EMPIRE STATE REALTY REIT INC TRUST,Real Estate,0.0
HTZ,HERTZ GLOBAL HLDGS INC,Industrials,0.0
BETA,BETA TECHNOLOGIES INC CLASS A,Industrials,0.0
SHEN,SHENANDOAH TELECOMMUNICATIONS,Communication,0.0
EFOR,EVERFORTH INC,Information Technology,0.0
OIS,OIL STATES INTERNATIONAL INC,Energy,0.0
ABUS,ARBUTUS BIOPHARMA CORP,Health Care,0.0
EVC,ENTRAVISION COMMUNICATIONS CORP CL,Communication,0.0
CCBG,CAPITAL CITY BANK INC,Financials,0.0
ZVRA,ZEVRA THERAPEUTICS INC,Health Care,0.0
EVLV,EVOLV TECHNOLOGIES HOLDINGS INC CL,Information Technology,0.0
KODK,EASTMAN KODAK,Information Technology,0.0
BFLY,BUTTERFLY NETWORK INC CLASS A,Health Care,0.0
HROW,HARROW INC,Health Care,0.0
SXC,SUNCOKE ENERGY INC,Materials,0.0
RIGL,RIGEL PHARMACEUTICALS INC,Health Care,0.0
HTFL,HEARTFLOW INC,Health Care,0.0
BLFS,BIOLIFE SOLUTIONS INC,Health Care,0.0
STGW,STAGWELL INC CLASS A,Communication,0.0
GO,GROCERY OUTLET HOLDING CORP,Consumer Staples,0.0
AMAL,AMALGAMATED FINANCIAL CORP,Financials,0.0
NBBK,NB BANCORP INC,Financials,0.0
KFRC,KFORCE INC,Industrials,0.0
SDGR,SCHRODINGER INC,Health Care,0.0
NAVI,NAVIENT CORP,Financials,0.0
BBSI,BARRETT BUSINESS SERVICES INC,Industrials,0.0
ESPR,ESPERION THERAPEUTICS INC,Health Care,0.0
PGC,PEAPACK GLADSTONE FINANCIAL CORP,Financials,0.0
FBRT,FRANKLIN BSP REALTY TRUST INC,Financials,0.0
DC,DAKOTA GOLD CORP,Materials,0.0
EHAB,ENHABIT INC,Health Care,0.0
TRNS,TRANSCAT INC,Industrials,0.0
HYLN,HYLIION HOLDINGS CORP,Industrials,0.0
TDAY,USA TODAY INC,Communication,0.0
HNRG,HALLADOR ENERGY,Utilities,0.0
HRTG,HERITAGE INSURANCE HOLDINGS INC,Financials,0.0
DEC,DIVERSIFIED ENERGY COMPANY,Energy,0.0
JANX,JANUX THERAPEUTICS INC,Health Care,0.0
BCAX,BICARA THERAPEUTICS INC,Health Care,0.0
NB,NIOCORP DEVELOPMENTS LTD,Materials,0.0
SMP,STANDARD MOTOR PRODUCTS INC,Consumer Discretionary,0.0
CARS,CARS.COM INC,Communication,0.0
TR,TOOTSIE ROLL INDUSTRIES INC,Consumer Staples,0.0
EGBN,EAGLE BANCORP INC,Financials,0.0
SIBN,SI BONE INC,Health Care,0.0
LIF,LIFE360 INC,Information Technology,0.0
AMPH,AMPHASTAR PHARMACEUTICALS INC,Health Care,0.0
CPS,COOPER STANDARD HOLDINGS INC,Consumer Discretionary,0.0
APPN,APPIAN CORP CLASS A,Information Technology,0.0
OMDA,OMADA HEALTH INC,Health Care,0.0
CCB,COASTAL FINANCIAL CORP,Financials,0.0
GLRE,GREENLIGHT CAPITAL LTD CLASS A,Financials,0.0
INGM,INGRAM MICRO HOLDING CORP,Information Technology,0.0
SNCY,SUN COUNTRY AIRLINES HOLDINGS INC,Industrials,0.0
FLOC,FLOWCO HOLDINGS INC CLASS A,Energy,0.0
JBI,JANUS INTERNATIONAL GROUP INC,Industrials,0.0
BLMN,BLOOMIN BRANDS INC,Consumer Discretionary,0.0
BCML,BAYCOM CORP,Financials,0.0
PFBC,PREFERRED BANK,Financials,0.0
SAIL,SAILPOINT INC,Information Technology,0.0
PFIS,PEOPLES FINANCIAL SERVICES CORP,Financials,0.0
HBNC,HORIZON BANCORP INC,Financials,0.0
VIR,VIR BIOTECHNOLOGY INC,Health Care,0.0
CNXN,PC CONNECTION INC,Information Technology,0.0
FWRG,FIRST WATCH RESTAURANT GROUP INC,Consumer Discretionary,0.0
NAVN,NAVAN INC CLASS A,Consumer Discretionary,0.0
ABSI,ABSCI CORP,Health Care,0.0
FCBC,FIRST COMMUNITY BANKSHARES INC,Financials,0.0
XNCR,XENCOR INC,Health Care,0.0
LMB,LIMBACH HOLDINGS INC,Industrials,0.0
RRBI,RED RIVER BANCSHARES INC,Financials,0.0
OXM,OXFORD INDUSTRIES INC,Consumer Discretionary,0.0
SION,SIONNA THERAPEUTICS INC,Health Care,0.0
QDEL,QUIDELORTHO CORP,Health Care,0.0
THFF,FIRST FINANCIAL CORPORATION CORP,Financials,0.0
HZO,MARINEMAX INC,Consumer Discretionary,0.0
FBIZ,FIRST BUSINESS FINANCIAL SERVICES,Financials,0.0
NXRT,NEXPOINT RESIDENTIAL TRUST INC,Real Estate,0.0
UNTY,UNITY BANCORP INC,Financials,0.0
HBCP,HOME BANCORP INC,Financials,0.0
AKTS,AKTIS ONCOLOGY INC,Health Care,0.0
DJCO,DAILY JOURNAL CORP,Information Technology,0.0
CCOI,COGENT COMMUNICATIONS HOLDINGS INC,Communication,0.0
FOXF,FOX FACTORY HOLDING CORP,Consumer Discretionary,0.0
MTUS,METALLUS INC,Materials,0.0
GDOT,GREEN DOT CORP CLASS A,Financials,0.0
PAYS,PAYSIGN INC,Financials,0.0
ATEX,ANTERIX INC,Communication,0.0
BBUC,BROOKFIELD BUSINESS CORP CLASS A,Industrials,0.0
EQBK,EQUITY BANCSHARES INC CLASS A,Financials,0.0
PD,PAGERDUTY INC,Information Technology,0.0
AZTA,AZENTA INC,Health Care,0.0
MPB,MID PENN BANCORP INC,Financials,0.0
FOR,FORESTAR GROUP INC,Real Estate,0.0
NPCE,NEUROPACE INC,Health Care,0.0
GSBC,GREAT SOUTHERN BANCORP INC,Financials,0.0
NNE,NANO NUCLEAR ENERGY INC,Industrials,0.0
EE,EXCELERATE ENERGY INC CLASS A,Energy,0.0
ASIX,ADVANSIX INC,Materials,0.0
OBT,ORANGE COUNTY BANCORP INC,Financials,0.0
AROW,ARROW FINANCIAL CORP,Financials,0.0
SLDB,SOLID BIOSCIENCES INC,Health Care,0.0
CAC,CAMDEN NATIONAL CORP,Financials,0.0
BFST,BUSINESS FIRST BANCSHARES INC,Financials,0.0
RUM,RUMBLE INC CLASS A,Communication,0.0
MMI,MARCUS & MILLICHAP INC,Real Estate,0.0
METC,RAMACO RESOURCES INC CLASS A,Materials,0.0
KALV,KALVISTA PHARMACEUTICALS INC,Health Care,0.0
AMTB,AMERANT BANCORP INC CLASS A,Financials,0.0
UTL,UNITIL CORP,Utilities,0.0
BV,BRIGHTVIEW HOLDINGS INC,Industrials,0.0
NFBK,NORTHFIELD BANCORP INC,Financials,0.0
BKV,BKV CORP,Energy,0.0
SMBC,SOUTHERN MISSOURI BANCORP INC,Financials,0.0
EGY,VAALCO ENERGY INC,Energy,0.0
WGS,GENEDX HOLDINGS CORP CLASS A,Health Care,0.0
BATRA,ATLANTA BRAVES HOLDINGS INC SERIES,Communication,0.0
RVLV,REVOLVE GROUP CLASS A INC,Consumer Discretionary,0.0
CTOS,CUSTOM TRUCK ONE SOURCE INC,Industrials,0.0
BTBT,BIT DIGITAL INC,Information Technology,0.0
MGTX,MEIRAGTX HOLDINGS PLC,Health Care,0.0
AMWD,AMERICAN WOODMARK CORP,Industrials,0.0
SEPN,SEPTERNA INC,Health Care,0.0
NECB,NORTHEAST COMMUNITY BANCORP INC,Financials,0.0
CBRL,CRACKER BARREL OLD COUNTRY STORE I,Consumer Discretionary,0.0
FET,FORUM ENERGY TECHNOLOGIES INC,Energy,0.0
CSV,CARRIAGE SERVICES INC,Consumer Discretionary,0.0
CRMD,CORMEDIX INC,Health Care,0.0
TH,TARGET HOSPITALITY CORP,Consumer Discretionary,0.0
ACNB,ACNB CORP,Financials,0.0
BIOA,BIOAGE LABS INC,Health Care,0.0
TCMD,TACTILE SYSTEMS TECHNOLOGY INC,Health Care,0.0
MAMA,MAMAS CREATIONS INC,Consumer Staples,0.0
HIPO,HIPPO HOLDINGS INC,Financials,0.0
RWT,REDWOOD TRUST REIT INC,Financials,0.0
CLBK,COLUMBIA FINANCIAL INC,Financials,0.0
MSBI,MIDLAND STATES BANCORP INC,Financials,0.0
DRUG,BRIGHT MINDS BIOSCIENCES INC,Health Care,0.0
BCAL,CALIFORNIA BANCORP,Financials,0.0
IBCP,INDEPENDENT BANK CORP,Financials,0.0
CWBC,COMMUNITY WEST BANCSHARES,Financials,0.0
SBGI,SINCLAIR INC CLASS A,Communication,0.0
GEFB,GREIF INC CLASS B,Materials,0.0
AEVA,AEVA TECHNOLOGIES INC,Information Technology,0.0
HPP,HUDSON PACIFIC PROPERTIES REIT INC,Real Estate,0.0
FULC,FULCRUM THERAPEUTICS INC,Health Care,0.0
SG,SWEETGREEN INC CLASS A,Consumer Discretionary,0.0
COFS,CHOICEONE FINANCIAL SERVICES INC,Financials,0.0
PAX,PATRIA INVESTMENTS LTD CLASS A,Financials,0.0
CCSI,CONSENSUS CLOUD SOLUTIONS INC,Information Technology,0.0
CLB,CORE LABORATORIES INC,Energy,0.0
SFST,SOUTHERN FIRST BANCSHARES INC,Financials,0.0
BHB,BAR HARBOR BANKSHARES,Financials,0.0
RGR,STURM RUGER INC,Consumer Discretionary,0.0
TRC,TEJON RANCH,Real Estate,0.0
ADCT,ADC THERAPEUTICS SA,Health Care,0.0
AMBP,ARDAGH METAL PACKAGING SA,Materials,0.0
KURA,KURA ONCOLOGY INC,Health Care,0.0
HSTM,HEALTHSTREAM INC,Health Care,0.0
FISI,FINANCIAL INSTITUTIONS INC,Financials,0.0
HOV,HOVNANIAN ENTERPRISES INC CLASS A,Consumer Discretionary,0.0
FSBC,FIVE STAR BANCORP,Financials,0.0
CASS,CASS INFORMATION SYSTEMS INC,Financials,0.0
SANA,SANA BIOTECHNOLOGY INC,Health Care,0.0
SERV,SERVE ROBOTICS INC,Consumer Discretionary,0.0
CCRN,CROSS COUNTRY HEALTHCARE INC,Health Care,0.0
RYAM,RAYONIER ADVANCED MATERIALS INC,Materials,0.0
INN,SUMMIT HOTEL PROPERTIES REIT INC,Real Estate,0.0
MITK,MITEK SYSTEMS INC,Information Technology,0.0
BVS,BIOVENTUS CLASS A INC,Health Care,0.0
WSBF,WATERSTONE FINANCIAL INC,Financials,0.0
BBW,BUILD A BEAR WORKSHOP INC,Consumer Discretionary,0.0
TECX,TECTONIC THERAPEUTIC INC,Health Care,0.0
MAZE,MAZE THERAPEUTICS INC,Health Care,0.0
CCNE,CNB FINANCIAL CORP,Financials,0.0
CXM,SPRINKLR INC CLASS A,Information Technology,0.0
TSBK,TIMBERLAND BANCORP INC,Financials,0.0
PGY,PAGAYA TECHNOLOGIES LTD CLASS A,Information Technology,0.0
KE,KIMBALL ELECTRONICS INC,Information Technology,0.0
BWB,BRIDGEWATER BANCSHARES INC,Financials,0.0
IRWD,IRONWOOD PHARMA INC CLASS A,Health Care,0.0
ALRS,ALERUS FINANCIAL CORP,Financials,0.0
SD,SANDRIDGE ENERGY INC,Energy,0.0
JBSS,JOHN B SANFILIPPO AND SON INC,Consumer Staples,0.0
ITIC,INVESTORS TITLE,Financials,0.0
LOCO,EL POLLO LOCO INC,Consumer Discretionary,0.0
NBN,NORTHEAST BANK,Financials,0.0
BDN,BRANDYWINE REALTY TRUST REIT,Real Estate,0.0
ACEL,ACCEL ENTERTAINMENT INC CLASS A,Consumer Discretionary,0.0
HTLD,HEARTLAND EXPRESS INC,Industrials,0.0
EVER,EVERQUOTE INC CLASS A,Communication,0.0
SABR,SABRE CORP,Consumer Discretionary,0.0
WRLD,WORLD ACCEPTANCE CORP,Financials,0.0
IHRT,IHEARTMEDIA INC CLASS A,Communication,0.0
CIVB,CIVISTA BANCSHARES INC,Financials,0.0
AMSF,AMERISAFE INC,Financials,0.0
INDI,INDIE SEMICONDUCTOR INC CLASS A,Information Technology,0.0
ORIC,ORIC PHARMACEUTICALS INC,Health Care,0.0
RES,RPC INC,Energy,0.0
ARKO,ARKO,Consumer Discretionary,0.0
VSTM,VERASTEM INC,Health Care,0.0
CLFD,CLEARFIELD INC,Information Technology,0.0
IMXI,INTERNATIONAL MONEY EXPRESS INC,Financials,0.0
FIP,FTAI INFRASTRUCTURE INC,Industrials,0.0
CBLL,CERIBELL INC,Health Care,0.0
RZLV,REZOLVE AI PLC,Information Technology,0.0
WTI,W AND T OFFSHORE INC,Energy,0.0
ACTG,ACACIA RESEARCH CORP,Financials,0.0
MLR,MILLER INDUSTRIES INC,Industrials,0.0
MCW,MISTER CAR WASH INC,Consumer Discretionary,0.0
NGNE,NEUROGENE INC,Health Care,0.0
MVBF,MVB FINANCIAL CORP,Financials,0.0
QNST,QUINSTREET INC,Communication,0.0
HELE,HELEN OF TROY LTD,Consumer Discretionary,0.0
ARVN,ARVINAS INC,Health Care,0.0
MBUU,MALIBU BOATS CLASS A INC,Consumer Discretionary,0.0
NUTX,NUTEX HEALTH INC,Health Care,0.0
PRAA,PRA GROUP INC,Financials,0.0
IBTA,IBOTTA INC CLASS A,Communication,0.0
GCMG,GCM GROSVENOR INC CLASS A,Financials,0.0
CWCO,CONSOLIDATED WATER LTD,Utilities,0.0
PAR,PAR TECHNOLOGY CORP,Information Technology,0.0
FRBA,FIRST BANK,Financials,0.0
DSGN,DESIGN THERAPEUTICS INC,Health Care,0.0
HBT,HBT FINANCIAL INC,Financials,0.0
SPRY,ARS PHARMACEUTICALS INC,Health Care,0.0
ONT,ONTERRIS INC,Industrials,0.0
TREE,LENDINGTREE INC,Financials,0.0
PANL,PANGAEA LOGISTICS SOLUTIONS LTD,Industrials,0.0
MLAB,MESA LABORATORIES INC,Health Care,0.0
CERT,CERTARA INC,Health Care,0.0
LBRDA,LIBERTY BROADBAND CORP SERIES A,Communication,0.0
AQST,AQUESTIVE THERAPEUTICS INC,Health Care,0.0
KMTS,KESTRA MEDICAL TECHNOLOGIES LTD,Health Care,0.0
SPFI,SOUTH PLAINS FINANCIAL INC,Financials,0.0
VEL,VELOCITY FINANCIAL INC,Financials,0.0
FRST,PRIMIS FINANCIAL CORP,Financials,0.0
CTO,CTO REALTY GROWTH INC,Real Estate,0.0
CYRX,CRYOPORT INC,Health Care,0.0
TRAX,FIRST TRACKS BIOTHERAPEUTICS INC,Health Care,0.0
OOMA,OOMA INC,Information Technology,0.0
MNRO,MONRO INC,Consumer Discretionary,0.0
PAHC,PHIBRO ANIMAL HEALTH CORP CLASS A,Health Care,0.0
AVAH,AVEANNA HEALTHCARE HOLDINGS INC,Health Care,0.0
IPI,INTREPID POTASH INC,Materials,0.0
EBF,ENNIS INC,Industrials,0.0
IIIN,INSTEEL INDUSTRIES INC,Industrials,0.0
WTBA,WEST BANCORPORATION INC,Financials,0.0
OSPN,ONESPAN INC,Information Technology,0.0
FSBW,FS BANCORP INC,Financials,0.0
CLPT,CLEARPOINT NEURO INC,Health Care,0.0
ABAT,AMERICAN BATTERY TECHNOLOGY COMPAN,Materials,0.0
FDMT,4D MOLECULAR THERAPEUTICS INC,Health Care,0.0
DIN,DINE BRANDS GLOBAL INC,Consumer Discretionary,0.0
ASPI,ASP ISOTOPES INC,Materials,0.0
MCFT,MASTERCRAFT BOAT HOLDINGS INC,Consumer Discretionary,0.0
MRVI,MARAVAI LIFESCIENCES HOLDINGS INC,Health Care,0.0
SHBI,SHORE BANCSHARES INC,Financials,0.0
AVO,MISSION PRODUCE INC,Consumer Staples,0.0
UHT,UNIVERSAL HEALTH REALTY INCOME TRU,Real Estate,0.0
FFIC,FLUSHING FINANCIAL CORP,Financials,0.0
SRTA,STRATA CRITICAL MEDICAL INC CLASS,Health Care,0.0
CLDT,CHATHAM LODGING TRUST REIT,Real Estate,0.0
ACIC,AMERICAN COASTAL INSURANCE CORP,Financials,0.0
ALX,ALEXANDERS REIT INC,Real Estate,0.0
NIQ,NIQ GLOBAL INTELLIGENCE PLC,Communication,0.0
GEVO,GEVO INC,Energy,0.0
ONIT,ONITY GROUP INC,Financials,0.0
MEI,METHODE ELECTRONICS INC,Information Technology,0.0
ZUMZ,ZUMIEZ INC,Consumer Discretionary,0.0
ANNX,ANNEXON INC,Health Care,0.0
TRTX,TPG RE FINANCE TRUST INC,Financials,0.0
KRNY,KEARNY FINANCIAL CORP,Financials,0.0
ERII,ENERGY RECOVERY INC,Industrials,0.0
TDUP,THREDUP INC CLASS A,Consumer Discretionary,0.0
MCS,THE MARCUS CORP,Communication,0.0
HIFS,HINGHAM INSTITUTION FOR SAVINGS,Financials,0.0
PSIX,POWER SOLUTIONS INTERNATIONAL INC,Industrials,0.0
JMSB,JOHN MARSHALL BANCORP INC,Financials,0.0
GOOD,GLADSTONE COMMERCIAL REIT CORP,Real Estate,0.0
REPL,REPLIMUNE GROUP INC,Health Care,0.0
EVH,EVOLENT HEALTH INC CLASS A,Health Care,0.0
AMC,AMC ENTERTAINMENT HOLDINGS INC CLA,Communication,0.0
REPX,RILEY EXPLORATION PERMIAN INC,Energy,0.0
MATV,MATIV HOLDINGS INC,Materials,0.0
CZNC,CITIZENS AND NORTHERN CORP,Financials,0.0
BOW,BOWHEAD SPECIALTY HOLDINGS INC,Financials,0.0
GRPN,GROUPON INC,Consumer Discretionary,0.0
MDXG,MIMEDX GROUP INC,Health Care,0.0
CAL,CALERES INC,Consumer Discretionary,0.0
MOV,MOVADO GROUP INC,Consumer Discretionary,0.0
EBS,EMERGENT BIOSOLUTIONS INC,Health Care,0.0
NVEC,NVE CORP,Information Technology,0.0
DGICA,DONEGAL GROUP INC CLASS A,Financials,0.0
CYH,COMMUNITY HEALTH SYSTEMS INC,Health Care,0.0
RM,REGIONAL MANAGEMENT CORP,Financials,0.0
SLDP,SOLID POWER INC CLASS A,Consumer Discretionary,0.0
OEC,ORION SA,Materials,0.0
IIIV,I3 VERTICALS INC CLASS A,Information Technology,0.0
FMAO,FARMERS AND MERCHANTS BANCORP INC,Financials,0.0
ROOT,ROOT INC CLASS A,Financials,0.0
MTW,MANITOWOC INC,Industrials,0.0
PHR,PHREESIA INC,Health Care,0.0
PHAT,PHATHOM PHARMACEUTICALS INC,Health Care,0.0
UHAL,U HAUL HOLDING,Industrials,0.0
BMRC,BANK OF MARIN BANCORP,Financials,0.0
TIPT,TIPTREE INC,Financials,0.0
VTS,VITESSE ENERGY INC,Energy,0.0
OPK,OPKO HEALTH INC,Health Care,0.0
LXFR,LUXFER HOLDINGS PLC,Industrials,0.0
ASAN,ASANA INC CLASS A,Information Technology,0.0
WASH,WASHINGTON TRUST BANCORP INC,Financials,0.0
ETD,ETHAN ALLEN INTERIORS INC,Consumer Discretionary,0.0
TITN,TITAN MACHINERY INC,Industrials,0.0
GIC,GLOBAL INDUSTRIAL,Industrials,0.0
PACK,RANPAK HOLDINGS CORP CLASS A,Materials,0.0
RDVT,RED VIOLET INC,Information Technology,0.0
RBB,RBB BANCORP,Financials,0.0
DBI,DESIGNER BRANDS INC CLASS A,Consumer Discretionary,0.0
EVCM,EVERCOMMERCE INC,Information Technology,0.0
VMD,VIEMED HEALTHCARE INC,Health Care,0.0
ANGO,ANGIODYNAMICS INC,Health Care,0.0
OFIX,ORTHOFIX MEDICAL INC,Health Care,0.0
CVGW,CALAVO GROWERS INC,Consumer Staples,0.0
GRNT,GRANITE RIDGE RESOURCES INC,Energy,0.0
BXC,BLUELINX HOLDINGS INC,Industrials,0.0
FRPH,FRP HOLDINGS INC,Real Estate,0.0
CMCL,CALEDONIA MINING PLC,Materials,0.0
DSGR,DISTRIBUTION SOLUTIONS GROUP INC,Industrials,0.0
UTZ,UTZ BRANDS INC CLASS A,Consumer Staples,0.0
BFS,SAUL CENTERS REIT INC,Real Estate,0.0
LXEO,LEXEO THERAPEUTICS INC,Health Care,0.0
BWMN,BOWMAN CONSULTING GROUP LTD,Industrials,0.0
CRNC,CERENCE INC,Information Technology,0.0
FNLC,FIRST BANCORP INC,Financials,0.0
FPI,FARMLAND PARTNERS INC,Real Estate,0.0
OLP,ONE LIBERTY PROPERTIES REIT INC,Real Estate,0.0
PUBM,PUBMATIC INC CLASS A,Communication,0.0
ACCO,ACCO BRANDS CORP,Industrials,0.0
AIOT,POWERFLEET INC,Information Technology,0.0
BBNX,BETA BIONICS INC,Health Care,0.0
DFH,DREAM FINDERS HOMES INC CLASS A,Consumer Discretionary,0.0
FDBC,FIDELITY D AND D BANCORP INC,Financials,0.0
CTKB,CYTEK BIOSCIENCES INC,Health Care,0.0
UWMC,UWM HOLDINGS CORP CLASS A,Financials,0.0
AMPL,AMPLITUDE INC CLASS A,Information Technology,0.0
KREF,KKR REAL ESTATE FINANCE INC TRUST,Financials,0.0
PRTA,PROTHENA PLC,Health Care,0.0
GCO,GENESCO INC,Consumer Discretionary,0.0
XPER,XPERI INC,Information Technology,0.0
LMNR,LIMONEIRA,Consumer Staples,0.0
KELYA,KELLY SERVICES INC CLASS A,Industrials,0.0
VREX,VAREX IMAGING CORP,Health Care,0.0
CENT,CENTRAL GARDEN AND PET,Consumer Staples,0.0
CMCO,COLUMBUS MCKINNON CORP,Industrials,0.0
DDD,3D SYSTEMS CORP,Industrials,0.0
CWH,CAMPING WORLD HOLDINGS INC CLASS A,Consumer Discretionary,0.0
NGVC,NATURAL GROCERS BY VITAMIN COTTAGE,Consumer Staples,0.0
AEBI,AEBI SCHMIDT HOLDING AG,Industrials,0.0
CMT,CORE MOLDING TECHNOLOGIES INC,Materials,0.0
SB,SAFE BULKERS INC,Industrials,0.0
CERS,CERUS CORP,Health Care,0.0
HY,HYSTER YALE INC CLASS A,Industrials,0.0
CSTL,CASTLE BIOSCIENCES INC,Health Care,0.0
YORW,YORK WATER,Utilities,0.0
SSTK,SHUTTERSTOCK INC,Communication,0.0
CHCT,COMMUNITY HEALTHCARE TRUST INC,Real Estate,0.0
RHLD,RESOLUTE HOLDINGS MANAGEMENT INC,Industrials,0.0
PLAY,DAVE AND BUSTERS ENTERTAINMENT INC,Consumer Discretionary,0.0
GRND,GRINDR INC,Communication,0.0
AHRT,AH REALTY INC,Real Estate,0.0
VNDA,VANDA PHARMACEUTICALS INC,Health Care,0.0
INBK,FIRST INTERNET BANCORP,Financials,0.0
TBCH,TURTLE BEACH CORP,Information Technology,0.0
RGNX,REGENXBIO INC,Health Care,0.0
APPS,DIGITAL TURBINE INC,Information Technology,0.0
FC,FRANKLIN COVEY,Industrials,0.0
TG,TREDEGAR CORP,Materials,0.0
RPD,RAPID7 INC,Information Technology,0.0
HVT,HAVERTY FURNITURE COMPANIES INC,Consumer Discretionary,0.0
MBI,MBIA INC,Financials,0.0
PRTH,PRIORITY TECHNOLOGY HOLDINGS INC,Financials,0.0
PLTK,PLAYTIKA HOLDING CORP,Communication,0.0
ALIT,ALIGHT INC CLASS A,Industrials,0.0
ZBIO,ZENAS BIOPHARMA INC,Health Care,0.0
SCVL,SHOE CARNIVAL INC,Consumer Discretionary,0.0
ANIK,ANIKA THERAPEUTICS INC,Health Care,0.0
BLND,BLEND LABS INC CLASS A,Information Technology,0.0
RMNI,RIMINI STREET INC,Information Technology,0.0
GTN,GRAY MEDIA INC,Communication,0.0
YEXT,YEXT INC,Information Technology,0.0
LILA,LIBERTY LATIN AMERICA LTD CLASS A,Communication,0.0
PSTL,POSTAL REALTY TRUST INC CLASS A,Real Estate,0.0
CZFS,CITIZENS FINANCIAL SERVICES INC,Financials,0.0
UPB,UPSTREAM BIO INC,Health Care,0.0
LAND,GLADSTONE LAND REIT CORP,Real Estate,0.0
ASPN,ASPEN AEROGELS INC,Materials,0.0
NEWT,NEWTEKONE INC,Financials,0.0
CLNE,CLEAN ENERGY FUELS CORP,Energy,0.0
PACB,PACIFIC BIOSCIENCES OF CALIFORNIA,Health Care,0.0
WNC,WABASH NATIONAL CORP,Industrials,0.0
SPT,SPROUT SOCIAL INC CLASS A,Information Technology,0.0
AVIR,ATEA PHARMACEUTICALS INC,Health Care,0.0
BETR,BETTER HOME FINANCE HOLDING CLASS,Financials,0.0
KROS,KEROS THERAPEUTICS INC,Health Care,0.0
SPOK,SPOK HOLDINGS INC,Communication,0.0
ORGO,ORGANOGENESIS HOLDINGS INC CLASS A,Health Care,0.0
FLGT,FULGENT GENETICS INC,Health Care,0.0
WEST,WESTROCK COFFEE,Consumer Staples,0.0
ZIP,ZIPRECRUITER INC CLASS A,Communication,0.0
TWI,TITAN INTERNATIONAL INC,Industrials,0.0
REFI,CHICAGO ATLANTIC REAL ESTATE FINAN,Financials,0.0
XRX,XEROX HOLDINGS CORP,Information Technology,0.0
MYGN,MYRIAD GENETICS INC,Health Care,0.0
AGNT,EXP WORLD HOLDINGS INC,Real Estate,0.0
DSP,VIANT TECHNOLOGY INC CLASS A,Information Technology,0.0
RPC,RIDGEPOST CAPITAL INC CLASS A,Financials,0.0
SFIX,STITCH FIX INC CLASS A,Consumer Discretionary,0.0
NXDR,NEXTDOOR HOLDINGS INC CLASS A,Communication,0.0
ATNI,ATN INTERNATIONAL INC,Communication,0.0
LAB,STANDARD BIOTOOLS INC,Health Care,0.0
BSRR,SIERRA BANCORP,Financials,0.0
ARHS,ARHAUS INC CLASS A,Consumer Discretionary,0.0
MVST,MICROVAST HOLDINGS INC,Industrials,0.0
XRN,CHIRON REAL ESTATE INC,Real Estate,0.0
RMR,RMR GROUP INC CLASS A,Real Estate,0.0
EOLS,EVOLUS INC,Health Care,0.0
NAGE,NIAGEN BIOSCIENCE INC,Consumer Staples,0.0
BMBL,BUMBLE INC CLASS A,Communication,0.0
CRSR,CORSAIR GAMING INC,Information Technology,0.0
KRUS,KURA SUSHI USA INC,Consumer Discretionary,0.0
CABO,CABLE ONE INC,Communication,0.0
OSG,OCTAVE SPECIALTY GROUP INC,Financials,0.0
DNUT,KRISPY KREME INC,Consumer Discretionary,0.0
BGS,B AND G FOODS INC,Consumer Staples,0.0
NUS,NU SKIN ENTERPRISES INC CLASS A,Consumer Staples,0.0
JAKK,JAKKS PACIFIC INC,Consumer Discretionary,0.0
GOGO,GOGO INC,Communication,0.0
ARCT,ARCTURUS THERAPEUTICS HOLDINGS INC,Health Care,0.0
PSFE,PAYSAFE LTD,Financials,0.0
NCMI,NATIONAL CINEMEDIA INC,Communication,0.0
VITL,VITAL FARMS INC,Consumer Staples,0.0
HCKT,HACKETT GROUP INC,Information Technology,0.0
UTMD,UTAH MEDICAL PRODUCTS INC,Health Care,0.0
FUBO,FUBOTV INC CLASS A,Communication,0.0
AURA,AURA BIOSCIENCES INC,Health Care,0.0
MGPI,MGP INGREDIENTS INC,Consumer Staples,0.0
NRC,NRC HEALTH CORP,Health Care,0.0
POWW,OUTDOOR HOLDING,Consumer Discretionary,0.0
OLPX,OLAPLEX HOLDINGS INC,Consumer Staples,0.0
IVR,INVESCO MORTGAGE CAPITAL REIT INC,Financials,0.0
GDYN,GRID DYNAMICS HOLDINGS INC CLASS A,Information Technology,0.0
SVC,SERVICE PROPERTIES TRUST,Real Estate,0.0
RICK,RCI HOSPITALITY HOLDINGS INC,Consumer Discretionary,0.0
CMDB,COSTAMARE BULKERS HOLDINGS LTD,Industrials,0.0
EGHT,8X8 INC,Information Technology,0.0
RPAY,REPAY HOLDINGS CORP CLASS A,Financials,0.0
ALT,ALTIMMUNE INC,Health Care,0.0
EU,ENCORE ENERGY CORP,Energy,0.0
LRMR,LARIMAR THERAPEUTICS INC,Health Care,0.0
OPTU,OPTIMUM COMMUNICATIONS INC CLASS A,Communication,0.0
JACK,JACK IN THE BOX INC,Consumer Discretionary,0.0
WEAV,WEAVE COMMUNICATIONS INC,Information Technology,0.0
STRZ,STARZ ENTERTAINMENT CORP,Communication,0.0
RCKT,ROCKET PHARMACEUTICALS INC,Health Care,0.0
ENTA,ENANTA PHARMACEUTICALS INC,Health Care,0.0
FWRD,FORWARD AIR CORP,Industrials,0.0
AMCX,AMC GLOBAL MEDIA INC CLASS A,Communication,0.0
SITC,SITE CENTERS CORP,Real Estate,0.0
CMPX,COMPASS THERAPEUTICS,Health Care,0.0
RC,READY CAPITAL CORP,Financials,0.0
OSUR,ORASURE TECHNOLOGIES INC,Health Care,0.0
NABL,N ABLE INC,Information Technology,0.0
USNA,USANA HEALTH SCIENCES INC,Consumer Staples,0.0
NXDT,NEXPOINT DIVERSIFIED REAL ESTATE T,Real Estate,0.0
MAX,MEDIAALPHA INC CLASS A,Communication,0.0
RBBN,RIBBON COMMUNICATIONS INC,Information Technology,0.0
CLW,CLEARWATER PAPER CORP,Materials,0.0
ACH,ACCENDRA HEALTH INC,Health Care,0.0
ACDC,PROFRAC HOLDING CLASS A CORP,Energy,0.0
JOUT,JOHNSON OUTDOORS INC CLASS A,Consumer Discretionary,0.0
EPM,EVOLUTION PETROLEUM CORP,Energy,0.0
CNDT,CONDUENT INC,Industrials,0.0
AVXL,ANAVEX LIFE SCIENCES CORP,Health Care,0.0
CLMB,CLIMB GLOBAL SOLUTIONS INC,Information Technology,0.0
MASS,908 DEVICES INC,Information Technology,0.0
WOOF,PETCO HEALTH AND WELLNESS COMPANY,Consumer Discretionary,0.0
CATX,PERSPECTIVE THERAPEUTICS INC,Health Care,0.0
SLP,SIMULATIONS PLUS INC,Health Care,0.0
SEG,SEAPORT ENTERTAINMENT GROUP INC,Real Estate,0.0
BHR,BRAEMAR HOTELS RESORTS INC,Real Estate,0.0
ALLO,ALLOGENE THERAPEUTICS INC,Health Care,0.0
LOVE,LOVESAC COMPANY,Consumer Discretionary,0.0
TBI,TRUEBLUE INC,Industrials,0.0
ALTG,ALTA EQUIPMENT GROUP INC CLASS A,Industrials,0.0
TRDA,ENTRADA THERAPEUTICS INC,Health Care,0.0
BBBY,BED BATH AND BEYOND INC,Consumer Discretionary,0.0
GNE,GENIE ENERGY LTD CLASS B,Utilities,0.0
CMRC,BIGCOMMERCE HOLDINGS INC SERIES,Information Technology,0.0
BCBP,BCB BANCORP INC,Financials,0.0
BOC,BOSTON OMAHA CORP CLASS A,Communication,0.0
HDSN,HUDSON TECHNOLOGIES INC,Industrials,0.0
DMRC,DIGIMARC CORP,Information Technology,0.0
UIS,UNISYS CORP,Information Technology,0.0
ACRE,ARES COMMERCIAL REAL ESTATE REIT C,Financials,0.0
AKBA,AKEBIA THERAPEUTICS INC,Health Care,0.0
ADV,ADVANTAGE SOLUTIONS INC CLASS A,Communication,0.0
HNST,THE HONEST COMPANY INC,Consumer Staples,0.0
EDIT,EDITAS MEDICINE INC,Health Care,0.0
AVNW,AVIAT NETWORKS INC,Information Technology,0.0
KIDS,ORTHOPEDIATRICS CORP,Health Care,0.0
SIGA,SIGA TECHNOLOGIES INC,Health Care,0.0
ANGI,ANGI INC CLASS A,Communication,0.0
SVV,SAVERS VALUE VILLAGE INC,Consumer Discretionary,0.0
CMTG,CLAROS MORTGAGE TRUST INC,Financials,0.0
CRCT,CRICUT INC CLASS A,Consumer Discretionary,0.0
LPRO,OPEN LENDING CORP,Financials,0.0
SLQT,SELECTQUOTE INC,Financials,0.0
RMAX,RE MAX HOLDINGS INC CLASS A,Real Estate,0.0
INR,INFINITY NATURAL RESOURCES INC CLA,Energy,0.0
EMBC,EMBECTA CORP,Health Care,0.0
BOOM,DMC GLOBAL INC,Energy,0.0
SSP,EW SCRIPPS CLASS A,Communication,0.0
ASLE,AERSALE CORP,Industrials,0.0
INSE,INSPIRED ENTERTAINMENT INC,Consumer Discretionary,0.0
CBAN,COLONY BANKCORP INC,Financials,0.0
RXST,RXSIGHT INC,Health Care,0.0
FLWS,1-800 FLOWERS.COM INC CLASS A,Consumer Discretionary,0.0
LENZ,LENZ THERAPEUTICS INC,Health Care,0.0
NRDS,NERDWALLET INC CLASS A,Financials,0.0
ULCC,FRONTIER GROUP HOLDINGS INC,Industrials,0.0
RGP,RESOURCES CONNECTION INC,Industrials,0.0
NFE,NEW FORTRESS ENERGY INC CLASS A,Energy,0.0
FATE,FATE THERAPEUTICS INC,Health Care,0.0
ULH,UNIVERSAL LOGISTICS HOLDINGS INC,Industrials,0.0
REAX,REAL BROKERAGE INC,Real Estate,0.0
NLOP,NET LEASE OFFICE PROPERTIES,Real Estate,0.0
CDXS,CODEXIS INC,Health Care,0.0
PTLO,PORTILLO S INC CLASS A,Consumer Discretionary,0.0
RNA,ATRIUM THERAPEUTICS INC,Health Care,0.0
MED,MEDIFAST INC,Consumer Staples,0.0
EVGO,EVGO INC CLASS A,Consumer Discretionary,0.0
TCX,TUCOWS INC,Information Technology,0.0
TTGT,TECHTARGET INC,Communication,0.0
FNKO,FUNKO INC CLASS A,Consumer Discretionary,0.0
OABI,OMNIAB INC,Health Care,0.0
KLC,KINDERCARE LEARNING COMPANIES INC,Consumer Discretionary,0.0
QTRX,QUANTERIX CORP,Health Care,0.0
KRRO,KORRO BIO INC,Health Care,0.0
ONEW,ONEWATER MARINE CLASS A INC,Consumer Discretionary,0.0
VYGR,VOYAGER THERAPEUTICS INC,Health Care,0.0
JRVR,JAMES RIVER GROUP HOLDINGS INC,Financials,0.0
PRME,PRIME MEDICINE INC,Health Care,0.0
LAW,CS DISCO INC,Information Technology,0.0
ALEC,ALECTOR INC,Health Care,0.0
MVIS,MICROVISION INC,Information Technology,0.0
INGN,INOGEN INC,Health Care,0.0
IMMR,IMMERSION CORP,Information Technology,0.0
QSI,QUANTUM SI INC CLASS A,Health Care,0.0
JELD,JELD WEN HOLDING INC,Industrials,0.0
OFLX,OMEGA FLEX INC,Industrials,0.0
RCEL,AVITA MEDICAL INC,Health Care,0.0
GETY,GETTY IMAGES HOLDINGS INC CLASS A,Communication,0.0
CHRS,COHERUS ONCOLOGY INC,Health Care,0.0
MNTK,MONTAUK RENEWABLES INC,Utilities,0.0
BYRN,BYRNA TECHNOLOGIES INC,Industrials,0.0
ASUR,ASURE SOFTWARE INC,Industrials,0.0
AVD,AMER VANGUARD CORP,Materials,0.0
NNOX,NANO X IMAGING LTD,Health Care,0.0
NKTX,NKARTA INC,Health Care,0.0
CVRX,CVRX INC,Health Care,0.0
TMCI,TREACE MEDICAL CONCEPTS INC,Health Care,0.0
HUMA,HUMACYTE INC,Health Care,0.0
XPOF,XPONENTIAL FITNESS INC CLASS A,Consumer Discretionary,0.0
ALDX,ALDEYRA THERAPEUTICS INC,Health Care,0.0
MXCT,MAXCYTE INC,Health Care,0.0
OPRX,OPTIMIZERX CORP,Health Care,0.0
HRTX,HERON THERAPEUTICS INC,Health Care,0.0
GLIBA,GCI LIBERTY INC SERIES A,Communication,0.0
FORR,FORRESTER RESEARCH INC,Industrials,0.0
THRY,THRYV HOLDINGS INC,Communication,0.0
CRMT,AMERICAS CAR MART INC,Consumer Discretionary,0.0
DOMO,DOMO INC CLASS B,Information Technology,0.0
HAIN,HAIN CELESTIAL GROUP INC,Consumer Staples,0.0
BRCC,BRC INC CLASS A,Consumer Staples,0.0
WALD,WALDENCAST PLC CLASS A,Consumer Staples,0.0
GOSS,GOSSAMER BIO INC,Health Care,0.0
SSTI,SOUNDTHINKING INC,Information Technology,0.0
DCGO,DOCGO INC,Health Care,0.0
SKIN,SKINHEALTH SYSTEMS INC CLASS A,Consumer Staples,0.0
SUNS,SUNRISE REALTY TRUST INC,Financials,0.0
HCAT,HEALTH CATALYST INC,Health Care,0.0
INH,INHIBRX INC CVR,Health Care,0.0
MYPS,PLAYSTUDIOS INC CLASS A,Communication,0.0
AKE,AKERO THERAPEUTICS CVR,Health Care,0.0
LUNG,PULMONX CORP,Health Care,0.0
BYND,BEYOND MEAT INC,Consumer Staples,0.0
TTEC,TTEC HOLDINGS INC,Industrials,0.0
ATYR,ATYR PHARMA INC,Health Care,0.0
ARAY,ACCURAY INC,Health Care,0.0
DH,DEFINITIVE HEALTHCARE CORP CLASS A,Health Care,0.0
SNBR,SLEEP NUMBER CORP,Consumer Discretionary,0.0
SEAT,VIVID SEATS INC CLASS A,Communication,0.0
TEAD,TEADS HOLDING,Communication,0.0
ADRO,CHINOOK THERAPEUTICS INC CVR,Health Care,0.0
P5N994,Petrocorp Inc Escrow,Energy,0.0
GTXI,GTXI INC - CVR,Health Care,0.0
THRD,THIRD HARMONIC BIO INC,Health Care,0.0
PBI,PITNEY BOWES INC,Industrials,0.0
